DRG_code;description;cost;ALOS
Ε01Α;Μεταμόσχευση ήπατος;289070.0;26
Ε03Α;Μεταμόσχευση  καρδιάς- πνευμόνων;503790.0;35
Ε04Α;Μεταμοσχεύσεις Πνευμόνων;300150.0;20
Ε05Α;Μεταμόσχευση Καρδιάς;342790.0;40
Ε06Μ;Τραχειοστομία με μηχανική υποστήριξη αναπνοής > 95 ώρες με καταστροφικές συνυπάρχουσες  παθήσεις-επιπλοκές;398630.0;47
Ε06Χα;Τραχειοστομία με  μηχανική υποστήριξη αναπνοής > 95 ώρες χωρίς καταστροφικές συνυπάρχουσες  παθήσεις-επιπλοκές ή τραχειοστομία/(ή)μηχανική υποστήριξη αναπνοής > 95 ώρες με καταστροφικές συνυπάρχουσες  παθήσεις-επιπλοκές;205970.0;25
Ε06Χβ;Μηχανική υποστήριξη αναπνοής > 95 ώρες  χωρίς καταστροφικές συνυπάρχουσες παθήσεις-επιπλοκές;155480.0;16
Ε06Χγ;Τραχειοστομία χωρίς καταστροφικές συνυπάρχουσες παθήσεις-επιπλοκές;82610.0;15
Ε07Α;Αλλογενής μεταμόσχευση μυελού οστών;265080.0;34
Ε08Μ;Αυτόλογη μεταμόσχευση μυελού οστών με καταστροφικές συνυπάρχουσες παθήσεις- επιπλοκές;100170.0;24
Ε08Χ;Αυτόλογη μεταμόσχευση μυελού οστών χωρίς καταστροφικές συνυπάρχουσες παθήσεις- επιπλοκές;36830.0;10
Ε09Α;Μεταμόσχευση νεφρού+παγκρέατος;153460.0;16
Ε09Β;Μεταμόσχευση νεφρού χωρίς μεταμόσχευση παγκρέατος;96690.0;8
Ε09Γ;Μεταμόσχευση παγκρέατος;107060.0;15
Ε10Α;Εμφύτευση συσκευών κοιλιακής υποβοήθησης;940090.0;54
Ε11Μ;Τοποθέτηση εμφυτεύσιμων συσκευών έγχυσης  σπονδυλικής στήλης με  καταστροφικές συνυπάρχουσες παθήσεις- επιπλοκές;107040.0;15
Ε11Χ;Τοποθέτηση εμφυτεύσιμων συσκευών έγχυσης  σπονδυλικής στήλης  χωρίς  καταστροφικές συνυπάρχουσες παθήσεις- επιπλοκές;53020.0;6
Ε12Α;Εμφύτευση συσκευής νευροδιέγερσης;64140.0;3
Ε13Α;Εξωσωματική συσκευή οξυγόνωσης ECMO;370630.0;31
Ν01Μ;Επανεπέμβαση κοιλιακής παροχεύτεσης με καταστροφικές ή σοβαρές συνυπάρχουσες παθήσεις – επιπλοκές;25280.0;7
Ν01Χ;Επανεπέμβαση κοιλιακής παροχεύτεσης χωρίς καταστροφικές ή σοβαρές συνυπάρχουσες παθήσεις – επιπλοκές;19800.0;5
Ν02Μα;Επεμβάσεις κρανίου με καταστροφικές συνυπάρχουσες παθήσεις - επιπλοκές;77300.0;18
Ν02Μβ;Επεμβάσεις κρανίου με σοβαρές συνυπάρχουσες παθήσεις - επιπλοκές;47210.0;11
Ν02Χ;Επεμβάσεις κρανίου χωρίς καταστροφικές ή σοβαρές συνυπάρχουσες παθήσεις - επιπλοκές;38360.0;7
Ν03Μ;Επεμβάσεις σπονδυλικής στήλης με καταστροφικές ή σοβαρές συνυπάρχουσες παθήσεις – επιπλοκές;59140.0;15
Ν03Χ;Επεμβάσεις σπονδυλικής στήλης χωρίς καταστροφικές ή σοβαρές συνυπάρχουσες παθήσεις – επιπλοκές;39900.0;5
Ν04Μ;Εξωκράνιες  αγγειοχειρουργικές επεμβάσεις με καταστροφικές συνυπάρχουσες παθήσεις - επιπλοκές;42670.0;12
Ν04Χ;Εξωκράνιες  αγγειοχειρουργικές επεμβάσεις χωρίς καταστροφικές συνυπάρχουσες παθήσεις - επιπλοκές;24700.0;4
Ν05Α;Αποσυμπίεση καρπιαίου σωλήνα;4390.0;1
Ν06Μ;Επεμβάσεις για παράλυση προσωπικού νεύρου, μυϊκή δυστροφία, νευροπάθεια με συνυπάρχουσες παθήσεις - επιπλοκές;32970.0;13
Ν06Χ;Επεμβάσεις για παράλυση προσωπικού νεύρου, μυϊκή δυστροφία, νευροπάθεια χωρίς συνυπάρχουσες παθήσεις - επιπλοκές;9690.0;2
Ν07Μ;Επεμβάσεις σε περιφερικά νεύρα και εγκεφαλικές συζυγίες και άλλες επεμβάσεις του νευρικού συστήματος με συνυπάρχουσες παθήσεις - επιπλοκές;25130.0;9
Ν07Χ;Επεμβάσεις σε περιφερικά νεύρα και εγκεφαλικές συζυγίες και άλλες επεμβάσεις του νευρικού συστήματος χωρίς συνυπάρχουσες παθήσεις - επιπλοκές;11100.0;2
Ν10Α;Πλασμαφαίρεση με νευρολογική νόσο-συμμετοχή, την ίδια ημέρα;1630.0;1
Ν11Α;Τηλεμετρικός έλεγχος-καταγραφή ηλεκτροεγκεφαλογραφήματος;13310.0;5
Ν12Μ;Διάγνωση νοσήματαoς νευρικού συστήματος με υποστήριξη αναπνευστήρα με καταστροφικές συνυπάρχουσες παθήσεις - επιπλοκές;53900.0;13
Ν12Χ;Διάγνωση νoσήματος  νευρικού συστήματος με υποστήριξη αναπνευστήρα χωρίς καταστροφικές συνυπάρχουσες παθήσεις - επιπλοκές;37200.0;7
Ν20Μ;Οξεία εμφάνιση παραπληγίας/τετραπληγίας με ή χωρίς χειρουργικές επεμβάσεις με καταστροφικές συνυπάρχουσες παθήσεις - επιπλοκές;69190.0;25
Ν20Χ;Οξεία εμφάνιση παραπληγίας / τετραπληγίας με ή χωρίς χειρουργικές επεμβάσεις χωρίς καταστροφικές συνυπάρχουσες παθήσεις - επιπλοκές;25760.0;10
Ν21Μ;Καταστάσεις νωτιαίου μυελού με ή χωρίς χειρουργικές επεμβάσεις με καταστροφικές ή σοβαρές συνυπάρχουσες παθήσεις – επιπλοκές;49600.0;16
Ν21Χ;Καταστάσεις νωτιαίου μυελού με ή χωρίς χειρουργικές επεμβάσεις χωρίς καταστροφικές ή σοβαρές συνυπάρχουσες παθήσεις – επιπλοκές;18850.0;5
Ν22Α;Αφαίρεση- εξωσωματική θεραπεία αίματος;2430.0;1
Ν23Α;Άνοια (ανοικτή συνδρομή)  και άλλες χρόνιες δυσλειτουργίες της εγκεφαλικής λειτουργίας;21090.0;13
Ν24Μ;Παραλήρημα /Διέγερση με καταστροφικές συνυπάρχουσες παθήσεις - επιπλοκές;23890.0;13
Ν24Χ;Παραλήρημα /Διέγερση με /χωρίς καταστροφικές συνυπάρχουσες παθήσεις - επιπλοκές;11590.0;6
Ν25Α;Εγκεφαλική παράλυση;4820.0;2
Ν26Μ;Νεοπλάσματα νευρικού συστήματος με καταστροφικές ή σοβαρές συνυπάρχουσες παθήσεις – επιπλοκές;20620.0;9
Ν26Χ;Νεοπλάσματα νευρικού συστήματος χωρίς καταστροφικές ή σοβαρές συνυπάρχουσες παθήσεις – επιπλοκές;8720.0;4
Ν27Μα;Εκφυλιστικά νοσήματα-διαταραχές νευρικού συστήματος με καταστροφικές ή σοβαρές συνυπάρχουσες παθήσεις – επιπλοκές;25290.0;13
Ν27Μβ;Εκφυλιστικά νοσήματα -διαταραχές νευρικού συστήματος με μεσαίας βαρύτητας συνυπάρχουσες παθήσεις – επιπλοκές;13070.0;8
Ν27Χ;Εκφυλιστικά νοσήματα (διαταραχές) νευρικού συστήματος χωρίς συνυπάρχουσες παθήσεις – επιπλοκές;4820.0;3
Ν28Μ;Σκλήρυνση κατά πλάκας και παρεγκεφαλιδική αταξία με συνυπάρχουσες παθήσεις - επιπλοκές;19070.0;9
Ν68Χ;Σκλήρυνση κατά πλάκας και παρεγκεφαλιδική αταξία χωρίς συνυπάρχουσες παθήσεις - επιπλοκές;5650.0;2
Ν29Μ;Παροδικό εγκεφαλικό ισχαιμικό επεισόδιο και προεγκεφαλιδική απόφραξη με καταστροφικές ή σοβαρές συνυπάρχουσες παθήσεις – επιπλοκές;12300.0;6
Ν29Χ;Παροδικό ισχαιμικό επεισόδιο και προεγκεφαλιδική απόφραξη χωρίς καταστροφικές ή σοβαρές συνυπάρχουσες παθήσεις – επιπλοκές;5450.0;3
Ν30Α;Αγγειακό εγκεφαλικό επεισόδιο και άλλες αγγειακές εγκεφαλικές δυσλειτουργίες, ασθενούς που κατέληξε ή διακοσμήθηκε σε <5ημέρες;4200.0;2
Ν30Μα;Αγγειακό εγκεφαλικό επεισόδιο και άλλες αγγειακές εγκεφαλικές δυσλειτουργίες με καταστροφικές συνυπάρχουσες παθήσεις - επιπλοκές;34080.0;17
Ν30Μβ;Αγγειακό εγκεφαλικό επεισόδιο και άλλες αγγειακές εγκεφαλικές δυσλειτουργίες με σοβαρές συνυπάρχουσες παθήσεις - επιπλοκές;18600.0;9
Ν30Χ;Αγγειακό εγκεφαλικό επεισόδιο και άλλες αγγειακές εγκεφαλικές δυσλειτουργίες χωρίς καταστροφικές ή σοβαρές συνυπάρχουσες παθήσεις - επιπλοκές;11910.0;6
Ν31Μ;Δυσλειτουργίες κρανιακών ή περιφερικών νεύρων με συνυπάρχουσες παθήσεις - επιπλοκές;15100.0;7
Ν31Χ;Δυσλειτουργίες κρανιακών ή περιφερικών νεύρων χωρίς συνυπάρχουσες παθήσεις - επιπλοκές;2800.0;2
Ν32Μ;Λοίμωξη νευρικού συστήματος εκτός από ιογενή μηνιγγίτιδα με καταστροφικές ή σοβαρές συνυπάρχουσες παθήσεις – επιπλοκές;31750.0;14
Ν32Χ;Λοίμωξη νευρικού συστήματος εκτός από ιογενή μηνιγγίτιδα χωρίς καταστροφικές ή σοβαρές συνυπάρχουσες παθήσεις – επιπλοκές;11830.0;5
Ν33Α;Ιογενής μηνιγγίτιδα;7390.0;3
Ν34Χ;Μη τραυματικής αιτιολογίας βυθιότητα-λήθαργος και κώμα με συνυπάρχουσες παθήσεις – επιπλοκές;10120.0;5
Ν35Α;Πυρετικοί σπασμοί;3500.0;1
Ν36Μ;Σπασμοί με καταστροφικές συνυπάρχουσες παθήσεις - επιπλοκές;14860.0;6
Ν36Χ;Σπασμοί χωρίς καταστροφικές συνυπάρχουσες παθήσεις - επιπλοκές;4820.0;2
Ν37Α;Κεφαλαλγία;3350.0;2
Ν38Μ;Ενδοκρανιακή (κρανιοεγκεφαλική) κάκωση με καταστροφικές ή σοβαρές συνυπάρχουσες παθήσεις – επιπλοκές;23270.0;10
Ν38Χ;Ενδοκρανιακή (κρανιοεγκεφαλική)  κάκωση χωρίς καταστροφικές ή σοβαρές συνυπάρχουσες παθήσεις – επιπλοκές;8790.0;4
Ν39Μ;Κατάγματα κρανίου με καταστροφικές ή σοβαρές συνυπάρχουσες παθήσεις – επιπλοκές;13230.0;5
Ν39Χ;Κατάγματα κρανίου χωρίς καταστροφικές ή σοβαρές συνυπάρχουσες παθήσεις – επιπλοκές;5370.0;7
Ν40Α;Άλλες κακώσεις κεφαλής;2720.0;1
Ν41Μ;Άλλες διαταραχές του νευρικού συστήματος με καταστροφικές ή σοβαρές συνυπάρχουσες παθήσεις – επιπλοκές;18370.0;10
Ν41Χ;Άλλες διαταραχές του νευρικού συστήματος χωρίς καταστροφικές ή σοβαρές συνυπάρχουσες παθήσεις – επιπλοκές;6930.0;3
Ν42Μα;Χρόνια και μη διευκρινισμένη παραπληγία/ τετραπληγία με ή χωρίς χειρουργικές επεμβάσεις με  καταστροφικές συνυπάρχουσες παθήσεις – επιπλοκές;58050.0;23
Ν82Μβ;Χρόνια και μη διευκρινισμένη παραπληγία/ τετραπληγία με ή χωρίς χειρουργικές επεμβάσεις με  σοβαρές συνυπάρχουσες παθήσεις – επιπλοκές;24750.0;11
Ν82Χ;Χρόνια και μη διευκρινισμένη παραπληγία/ τετραπληγία με ή χωρίς χειρουργικές επεμβάσεις χωρίς καταστροφικές/σοβαρές συνυπάρχουσες παθήσεις – επιπλοκές;14160.0;6
Ο01Α;Επεμβάσεις για διατρηταίνοντες τραυματισμούς των οφθαλμών;13950.0;3
Ο02Α;Εκπυρήνωση-εξόρυξη  και επεμβάσεις οφθαλμικού κόγχου;16110.0;3
Ο03Α;Επεμβάσεις αμφιβληστροειδούς;8370.0;1
Ο04Α;Σοβαρές επεμβάσεις κερατοειδούς, σκληρού και επιπεφυκότα;13560.0;3
Ο05Α;Ασκορυνοστομία;8960.0;1
Ο10Α;Επεμβάσεις Στραβισμού;6500.0;1
Ο11Α;Επεμβάσεις βλεφάρων;6390.0;1
Ο12Α;Λοιπές επεμβάσεις κερατοειδούς, σκληρού και επιπεφυκότα;5830.0;1
Ο13Α;Επεμβάσεις δακρυϊκής συσκευής;3360.0;1
Ο14Α;Λοιπές επεμβάσεις οφθαλμού;4060.0;2
Ο15Α;Επεμβάσεις γλαυκώματος και περίπλοκες επεμβάσεις καταρράκτη;10260.0;2
Ο15Β;Επεμβάσεις γλαυκώματος και περίπλοκες επεμβάσεις καταρράκτη την ίδια μέρα;6870.0;1
Ο16Α;Επεμβάσεις φακού (από καταράκτη κ.λπ.);5920.0;1
Ο17Α;Μεταμοσχεύσεις Κερατοειδούς;24230.0;10
Ο20Μ;Επεμβάσεις για οξείες και μείζονες Λοιμώξεις του οφθαλμού με συνυπάρχουσες παθήσεις- επιπλοκές;18600.0;8
Ο20Χ;Επεμβάσεις για οξείες και μείζονες Λοιμώξεις του οφθαλμού χωρίς συνυπάρχουσες παθήσεις- επιπλοκές;10350.0;4
Ο21Μ;Νευρολογικές και αγγειακές δυσλειτουργίες του οφθαλμού με συνυπάρχουσες παθήσεις- επιπλοκές;9340.0;5
Ο61Χ;Νευρολογικές και αγγειακές δυσλειτουργίες του οφθαλμού χωρίς συνυπάρχουσες παθήσεις- επιπλοκές;4820.0;2
Ο22Α;Ύφαιμα και  ιατρική αντιμετώπιση τραυματισμών του οφθαλμού;3270.0;2
Ο23Α;Λοιπές δυσλειτουργίες οφθαλμού;4200.0;2
Ω01Α;Κοχλιακά εμφυτεύματα;240000.0;1
Ω02Μα;Επεμβάσεις κεφαλής και τραχήλου με καταστροφικές η σοβαρές συνυπάρχουσες παθήσεις;54200.0;11
Ω02Μβ;Επεμβάσεις κεφαλής και τραχήλου με κακοήθεια ή μετριοπαθείς συνυπάρχουσες παθήσεις;25700.0;4
Ω02Χ;Επεμβάσεις κεφαλής και τραχήλου χωρίς κακοήθεια χωρίς μετριοπαθείς συνυπάρχουσες παθήσεις;16090.0;2
Ω03Α;Χειρουργική διόρθωση ή επισκευή παθήσεων του λαγώχειλου ή λυκοστόματος;12810.0;2
Ω04Μ;Γναθοχειρουργική με συνυπάρχουσες παθήσεις-επιπλοκές;31250.0;4
Ω04Χ;Γναθοχειρουργική χωρίς συνυπάρχουσες παθήσεις-επιπλοκές;19340.0;2
Ω05Α;Επεμβάσεις της παρωτίδος;18590.0;2
Ω06Α;Επεμβάσεις παραρηνίων κόλπων και σύνθετες επεμβάσεις μέσου ωτός;11250.0;1
Ω10Α;Επεμβάσεις ρινικές;7870.0;1
Ω11Α;Αμυγδαλεκτομές και / ή Αδενοηδεκτομές;5260.0;1
Ω12Α;Άλλες επεμβάσεις του ΩΡΛ και στόματος;9460.0;1
Ω13Α;Τυμπανοτωμή ( Μυριγγεκτομή )  με εισαγωγή σωλήνα;3470.0;1
Ω14Α;Επεμβάσεις του στόματος και σιαλογόνων αδένων;7400.0;2
Ω15Α;Επεμβάσεις μαστοειδούς;21450.0;2
Ω20Α;Οδοντικές εξαγωγές και αποκαταστάσεις;5570.0;1
Ω30Μ;Κακοήθεια ΩΡΛ και στόματος με καταστροφικές ή σοβαρές συνυπάρχουσες παθήσεις;22880.0;9
Ω30Χ;Κακοήθεια ΩΡΛ και στόματος με καταστροφικές χωρίς σοβαρές συνυπάρχουσες παθήσεις;5450.0;2
Ω31Α;Ίλλιγγος;4440.0;2
Ω32Α;Ρινορραγία;3580.0;2
Ω33Α;Μέση ωτίτιδα και λοιμώξεις του ανώτερου αναπνευστικού;3970.0;2
Ω34Α;Λαρυγγοτραχειίτιδα και επιγλωττίτις;2880.0;1
Ω35Α;Ρινικό τραύμα και δυσμορφία;2650.0;1
Ω36Μ;Άλλες διαγνώσεις του ΩΡΛ και στόματος με συνυπάρχουσες παθήσεις-επιπλοκές;9570.0;4
Ω36Χ;Άλλες διαγνώσεις του ΩΡΛ και στόματος χωρίς συνυπάρχουσες παθήσεις-επιπλοκές;2430.0;1
Ω37Α;Στοματικές και οδοντικές διαταραχές εκτός από εξαγωγές και αποκαταστάσεις, την ίδια ημέρα;2540.0;1
Ω37Β;Στοματικές και οδοντικές διαταραχές εκτός από εξαγωγές και αποκαταστάσεις;6610.0;3
Α01Μ;Μείζονες επεμβάσεις θώρακος με καταστροφικές  συνυπάρχουσες παθήσεις- επιπλοκές;47010.0;15
Α01Χ;Μείζονες επεμβάσεις θώρακος χωρίς καταστροφικές  συνυπάρχουσες παθήσεις- επιπλοκές;27120.0;7
Α02Μα;Λοιπές χειρουργικές επεμβάσεις αναπνευστικού συστήματος με καταστροφικές  συνυπάρχουσες παθήσεις- επιπλοκές;39220.0;16
Α02Μβ;Λοιπές χειρουργικές επεμβάσεις αναπνευστικού συστήματος με σοβαρές ή μεσαίας βαρύτητας συνυπάρχουσες παθήσεις - επιπλοκές;15950.0;5
Α02Χ;Λοιπές επεμβάσεις αναπνευστικού συστήματος χωρίς συνυπάρχουσες παθήσεις - επιπλοκές;6830.0;1
Α10Μ;Νοσήματα αναπνευστικού συστήματος με μηχανική αναπνευστική υποστήριξη με καταστροφικές συνυπάρχουσες παθήσεις - επιπλοκές;60360.0;12
Α10Χ;Νοσήματα αναπνευστικού συστήματος με μηχανική αναπνευστική υποστήριξη χωρίς καταστροφικές συνυπάρχουσες παθήσεις - επιπλοκές;46270.0;8
Α11Χ;Νοσήματα αναπνευστικού συστήματος χωρίς επεμβατικό μηχανικό αερισμό;36350.0;12
Α12Α;Βρογχοσκόπηση, την ίδια ημέρα;19100.0;1
Α12Μ;Βρογχοσκόπηση με καταστροφικές συνυπάρχουσες παθήσεις - επιπλοκές;39840.0;17
Α12Χ;Βρογχοσκόπηση χωρίς καταστροφικές συνυπάρχουσες παθήσεις - επιπλοκές;17980.0;7
Α20Μ;Κυστική ίνωση με καταστροφικές ή σοβαρές συνυπάρχουσες παθήσεις - επιπλοκές;36960.0;13
Α20Χ;Κυστική ίνωση χωρίς καταστροφικές ή σοβαρές συνυπάρχουσες παθήσεις - επιπλοκές;26380.0;10
Α21Μ;Πνευμονική εμβολή με καταστροφικές συνυπάρχουσες παθήσεις - επιπλοκές;21870.0;11
Α21Χ;Πνευμονική εμβολή χωρίς καταστροφικές συνυπάρχουσες παθήσεις - επιπλοκές;10350.0;6
Α22Μα;Αναπνευστικές λοιμώξεις / φλεγμονές με καταστροφικές συνυπάρχουσες παθήσεις - επιπλοκές;19380.0;10
Α22Μβ;Αναπνευστικές λοιμώξεις/ φλεγμονές με σοβαρές ή μεσαίας βαρύτητας συνυπάρχουσες παθήσεις – επιπλοκές;11440.0;6
Α22Χ;Αναπνευστικές λοιμώξεις/ φλεγμονές χωρίς συνυπάρχουσες παθήσεις – επιπλοκές;6300.0;3
Α23Α;Σύνδρομο άπνοιας ύπνου;3190.0;1
Α24Μ;Πνευμονικό οίδημα και αναπνευστική ανεπάρκεια με καταστροφικές συνυπάρχουσες παθήσεις - επιπλοκές;18210.0;8
Α24Χ;Πνευμονικό οίδημα και αναπνευστική ανεπάρκεια χωρίς καταστροφικές συνυπάρχουσες παθήσεις - επιπλοκές;9490.0;4
Α25Μ;Χρόνια αποφρακτική πνευμονοπάθεια με καταστροφικές συνυπάρχουσες παθήσεις - επιπλοκές;17660.0;9
Α25Χ;Χρόνια αποφρακτική πνευμονοπάθεια χωρίς καταστροφικές συνυπάρχουσες παθήσεις - επιπλοκές;9490.0;5
Α26Μα;Μείζον τραύμα Θώρακος με καταστροφικές συνυπάρχουσες παθήσεις - επιπλοκές;24670.0;12
Α26Μβ;Μείζον τραύμα Θώρακος με σοβαρές ή μεσαίας βαρύτητας συνυπάρχουσες παθήσεις – επιπλοκές;11750.0;5
Α26Χ;Μείζον τραύμα Θώρακος με συνυπάρχουσες παθήσεις - επιπλοκές;6070.0;3
Α27Μ;Αναπνευστικά σημεία και συμπτώματα με καταστροφικές ή σοβαρές συνυπάρχουσες παθήσεις - επιπλοκές;8640.0;4
Α27Χ;Αναπνευστικά σημεία και συμπτώματα χωρίς καταστροφικές ή σοβαρές συνυπάρχουσες παθήσεις - επιπλοκές;3500.0;2
Α28Μ;Πνευμοθώρακας με συνυπάρχουσες παθήσεις - επιπλοκές;13770.0;6
Α28Χ;Πνευμοθώρακας χωρίς συνυπάρχουσες παθήσεις - επιπλοκές;6230.0;3
Α29Μ;Βρογχίτιδα και άσθμα με συνυπάρχουσες παθήσεις - επιπλοκές;8720.0;4
Α29Χ;Βρογχίτιδα και άσθμα χωρίς συνυπάρχουσες παθήσεις - επιπλοκές;3970.0;2
Α30Μ;Υλακώδης βήχας και οξεία βρογχιολίτιδα με συνυπάρχουσες παθήσεις - επιπλοκές;13310.0;5
Α30Χ;Υλακώδης βήχας και οξεία βρογχιολίτιδα χωρίς συνυπάρχουσες παθήσεις - επιπλοκές;6070.0;2
Α31Μ;Νεοπλάσματα αναπνευστικού με καταστροφικές συνυπάρχουσες παθήσεις - επιπλοκές;17980.0;9
Α31Χ;Νεοπλάσματα αναπνευστικού χωρίς καταστροφικές συνυπάρχουσες παθήσεις - επιπλοκές;9100.0;5
Α32Α;Αναπνευστικά προβλήματα αναδυόμενα από τη νεογνική περίοδο;8460.0;4
Α33Μα;Πλευριτική συλλογή με καταστροφικές συνυπάρχουσες παθήσεις - επιπλοκές;20230.0;10
Α33Μβ;Πλευριτική συλλογή με σοβαρές ή μεσαίου βαρύτητας συνυπάρχουσες παθήσεις - επιπλοκές;10430.0;5
Α33Χ;Πλευριτική συλλογή χωρίς συνυπάρχουσες παθήσεις - επιπλοκές;6070.0;3
Α34Μα;Διάμεση πνευμονική νόσος με καταστροφικές συνυπάρχουσες παθήσεις - επιπλοκές;19770.0;10
Α34Μβ;Διάμεση πνευμονική νόσος με σοβαρές ή μεσαίας βαρύτητας συνυπάρχουσες παθήσεις – επιπλοκές;13930.0;7
Α34Χ;Διάμεση πνευμονική νόσος χωρίς συνυπάρχουσες παθήσεις - επιπλοκές;6380.0;3
Α35Μα;Λοιπές διαγνώσεις αναπνευστικού συστήματος με καταστροφικές συνυπάρχουσες παθήσεις - επιπλοκές;15560.0;8
Α35Μβ;Λοιπές διαγνώσεις αναπνευστικού συστήματος με σοβαρές ή μεσαίας βαρύτητας συνυπάρχουσες παθήσεις – επιπλοκές;9730.0;5
Α35Χ;Λοιπές διαγνώσεις αναπνευστικού συστήματος χωρίς συνυπάρχουσες παθήσεις - επιπλοκές;4750.0;2
Α36Α;Φυματίωση αναπνευστικού;24120.0;14
Κ01Μ;Τοποθέτηση  ή αντικατάσταση  εμφυτεύσιμου απινιδωτή, ολικό σύστημα με καταστροφικές συνυπάρχουσες παθήσεις - επιπλοκές;162150.0;12
Κ01Χ;Τοποθέτηση  ή αντικατάσταση  εμφυτεύσιμου απινιδωτή, ολικό σύστημα χωρίς καταστροφικές συνυπάρχουσες παθήσεις-επιπλοκές;124200.0;3
Κ02Α;Άλλες επεμβάσεις επί εμφυτεύσιμου απινιδωτή;28440.0;4
Κ03Μ;Επεμβάσεις σε καρδιακές βαλβίδες με εξωσωματική κυκλοφορία και με επεμβατικό καρδιακό καθετηριασμό με καταστροφικές συνυπάρχουσες παθήσεις-επιπλοκές;154290.0;23
Κ03Χ;Επεμβάσεις σε καρδιακές βαλβίδες με εξωσωματική κυκλοφορία και με επεμβατικό καρδιακό καθετηριασμό χωρίς καταστροφικές συνυπάρχουσες παθήσεις-επιπλοκές;117340.0;13
Κ04Μ;Επεμβάσεις σε καρδιακές βαλβίδες με εξωσωματική κυκλοφορία χωρίς επεμβατικό καρδιακό καθετηριασμό και με καταστροφικές συνυπάρχουσες παθήσεις-επιπλοκές;131550.0;14
Κ04Χ;Επεμβάσεις σε καρδιακές βαλβίδες με εξωσωματική κυκλοφορία χωρίς επεμβατικό καρδιακό καθετηριασμό και χωρίς καταστροφικές συνυπάρχουσες παθήσεις-επιπλοκές;91630.0;8
Κ05Μ;Αορτοστεφανιαία παράκαμψη με καρδιακό καθετηριασμό με επανεπέμβαση με καταστροφικές συνυπάρχουσες παθήσεις-επιπλοκές;100230.0;18
Κ05Χ;Αορτοστεφανιαία παράκαμψη με καρδιακό καθετηριασμό χωρίς επανεπέμβαση χωρίς καταστροφικές συνυπάρχουσες παθήσεις-επιπλοκές;72700.0;13
Κ06Μ;Αορτοστεφανιαία παράκαμψη χωρίς καρδιακό καθετηριασμό με επανεπέμβαση ή με καταστροφικές / σοβαρές συνυπάρχουσες παθήσεις-επιπλοκές;71820.0;10
Κ06Χ;Αορτοστεφανιαία παράκαμψη χωρίς καρδιακό καθετηριασμό χωρίς επανεπέμβαση χωρίς καταστροφικές συνυπάρχουσες παθήσεις-επιπλοκές;50770.0;7
Κ07Μα;Λοιπές κάρδιο-θώρακοχειρουργικές /αγγειοχειρουργικές επεμβάσεις με εξωσωματική κυκλοφορία με καταστροφικές συνυπάρχουσες παθήσεις-επιπλοκές;105540.0;12
Κ07Μβ;Λοιπές κάρδιο-θώρακοχειρουργικές /αγγειοχειρουργικές επεμβάσεις με εξωσωματική κυκλοφορία με σοβαρές ή μετρίας βαρύτητας συνυπάρχουσες παθήσεις-επιπλοκές;72790.0;8
Κ07Χ;Λοιπές κάρδιο-θώρακοχειρουργικές /αγγειοχειρουργικές επεμβάσεις με εξωσωματική κυκλοφορία χωρίς συνυπάρχουσες παθήσεις-επιπλοκές;53540.0;7
Κ08Μ;Μείζονες επανορθωτικές επεμβάσεις αγγείων χωρίς εξωσωματική κυκλοφορία με καταστροφικές συνυπάρχουσες παθήσεις-επιπλοκές;89560.0;16
Κ08Χ;Μείζονες επανορθωτικές επεμβάσεις αγγείων χωρίς εξωσωματική κυκλοφορία χωρίς καταστροφικές συνυπάρχουσες παθήσεις-επιπλοκές;55610.0;7
Κ09Μα;Λοιπές κάρδιοθωρακικές χειρουργικές επεμβάσεις χωρίς εξωσωματική κυκλοφορία με καταστροφικές συνυπάρχουσες παθήσεις-επιπλοκές;64130.0;10
Κ09Μβ;Άλλες κάρδιο-θώρακοχειρουργικές επεμβάσεις χωρίς εξωσωματική κυκλοφορία με σοβαρής ή μέτριας βαρύτητας συνυπάρχουσες παθήσεις-επιπλοκές;36170.0;6
Κ09Χ;Άλλες κάρδιο-θώρακοχειρουργικές επεμβάσεις χωρίς εξωσωματική κυκλοφορία χωρίς συνυπάρχουσες παθήσεις-επιπλοκές;23860.0;3
Κ10Μ;Επεμβατικές στεφανιαίες επεμβάσεις με ΟΕΜ (οξύ έμφραγμα μυοκαρδίου) με καταστροφικές συνυπάρχουσες παθήσεις-επιπλοκές;41660.0;8
Κ10Χ;Επεμβατικές στεφανιαίες επεμβάσεις με ΟΕΜ (οξύ έμφραγμα μυοκαρδίου) χωρίς καταστροφικές συνυπάρχουσες παθήσεις-επιπλοκές;27240.0;4
Κ11Μ;Ακρωτηριασμός λόγω αγγειακής ισχαιμίας,  πλην άνω άκρου και δακτύλων άκρου ποδός,  με καταστροφικές συνυπάρχουσες παθήσεις-επιπλοκές;72920.0;27
Κ11Χ;Ακρωτηριασμός λόγω αγγειακής ισχαιμίας,  πλην άνω άκρου και δακτύλων άκρου ποδός,  χωρίς καταστροφικές συνυπάρχουσες παθήσεις-επιπλοκές;32230.0;14
Κ12Μ;Τοποθέτηση ή αντικατάσταση βηματοδότη, ολικού συστήματος, με καταστροφικές συνυπάρχουσες παθήσεις-επιπλοκές;54650.0;11
Κ12Χ;Τοποθέτηση ή αντικατάσταση βηματοδότη, ολικού συστήματος χωρίς καταστροφικές συνυπάρχουσες παθήσεις-επιπλοκές;36940.0;4
Κ13Μ;Ακρωτηριασμός άνω άκρου ή δακτύλου άκρου ποδός λόγω νοσήματος κυκλοφορικού με σοβαρού βαθμού ή καταστροφικές συνυπάρχουσες παθήσεις-επιπλοκές;39690.0;17
Κ13Χ;Ακρωτηριασμός άνω άκρου ή δακτύλου άκρου ποδός λόγω καρδιαγγειακού νοσήματος χωρίς σοβαρού βαθμού ή καταστροφικές συνυπάρχουσες παθήσεις-επιπλοκές;16600.0;7
Κ14Μα;Αγγειακές επεμβάσεις, πλην μειζόνων επανορθωτικών επεμβάσεων, χωρίς εξωσωματική κυκλοφορία με καταστροφικές συνυπάρχουσες παθήσεις-επιπλοκές;35690.0;11
Κ14Μβ;Αγγειακές επεμβάσεις, πλην μειζόνων επανορθωτικών επεμβάσεων, χωρίς εξωσωματική κυκλοφορία, με σοβαρού ή μετρίου βαθμού συνυπάρχουσες παθήσεις-επιπλοκές;19910.0;4
Κ14Χ;Αγγειακές επεμβάσεις, πλην μειζόνων επανορθωτικών επεμβάσεων, χωρίς εξωσωματική κυκλοφορία χωρίς συνυπάρχουσες παθήσεις-επιπλοκές;12770.0;2
Κ15Μ;Επεμβατικές στεφανιαίες επεμβάσεις χωρίς ΟΕΜ (οξύ έμφραγμα μυοκαρδίου) με τοποθέτηση ενδοπρόθεσης (stent) με σοβαρού βαθμού ή καταστροφικές συνυπάρχουσες παθήσεις-επιπλοκές;27280.0;4
Κ15Χ;Επεμβατικές στεφανιαίες επεμβάσεις χωρίς ΟΕΜ (οξύ έμφραγμα μυοκαρδίου) με τοποθέτηση ενδοπρόθεσης (stent) χωρίς σοβαρού βαθμού ή καταστροφικές συνυπάρχουσες παθήσεις-επιπλοκές;20130.0;2
Κ16Μ;Επεμβατικές στεφανιαίες επεμβάσεις χωρίς ΟΕΜ (οξύ έμφραγμα μυοκαρδίου) χωρίς τοποθέτηση ενδοπρόθεσης (stent) με συνυπάρχουσες παθήσεις-επιπλοκές;15310.0;3
Κ16Χ;Επεμβατικές μέθοδοι στα στεφανιαία χωρίς ΟΕΜ (οξύ έμφραγμα μυοκαρδίου) χωρίς τοποθέτηση ενδοπρόθεσης (stent) χωρίς συνυπάρχουσες παθήσεις-επιπλοκές;11180.0;2
Κ17Μ;Τοποθέτηση ή αντικατάσταση γεννήτριας βηματοδότη με σοβαρού βαθμού ή καταστροφικές συνυπάρχουσες παθήσεις-επιπλοκές;28920.0;5
Κ17Χ;Τοποθέτηση ή αντικατάσταση γεννήτριας βηματοδότη χωρίς  σοβαρού βαθμού ή καταστροφικές συνυπάρχουσες παθήσεις-επιπλοκές;26170.0;1
Κ18Μ;Λοιπές επεμβάσεις με βηματοδότη με συνυπάρχουσες παθήσεις-επιπλοκές;22260.0;7
Κ18Χ;Λοιπές επεμβάσεις με βηματοδότη χωρίς συνυπάρχουσες παθήσεις-επιπλοκές;11460.0;2
Κ19Α;Διαδερμικές ενδοαγγειακές καρδιακές επεμβάσεις;31940.0;3
Κ20Α;Απολίνωση φλέβας;7600.0;1
Κ21Μ;Λοιπές επεμβάσεις νοσημάτων κυκλοφορικού με συνυπάρχουσες παθήσεις-επιπλοκές;36800.0;15
Κ21Χ;Λοιπές επεμβάσεις νοσημάτων κυκλοφορικού χωρίς καταστροφικές συνυπάρχουσες παθήσεις-επιπλοκές;14940.0;4
Κ22Α;Αορτικά Βαλβιδοφόρα Μοσχεύματα;77530.0;15
Κ30Μ;Νοσήματα κυκλοφορικού με μηχανική υποστήριξη αναπνοής (αναπνευστήρα)  με καταστροφικές συνυπάρχουσες παθήσεις-επιπλοκές;62950.0;11
Κ30Χ;Νοσήματα κυκλοφορικού με μηχανική υποστήριξη αναπνοής (αναπνευστήρα)  χωρίς καταστροφικές συνυπάρχουσες παθήσεις-επιπλοκές;44700.0;6
Κ31Μ;Νοσήματα κυκλοφορικού με ΟΕΜ  με διαγνωστική επεμβατική καρδιακή τεχνική με σοβαρού βαθμού ή καταστροφικές συνυπάρχουσες παθήσεις-επιπλοκές;20380.0;8
Κ31Χ;παθήσεις-επιπλοκές του κυκλοφορικού με ΟΕΜ  με διαγνωστική επεμβατική καρδιακή τεχνική χωρίς σοβαρού βαθμού ή καταστροφικές συνυπάρχουσες παθήσεις-επιπλοκές;11830.0;4
Κ32Α;παθήσεις-επιπλοκές του κυκλοφορικού χωρίς ΟΕΜ  με διαγνωστική επεμβατική καρδιακή τεχνική, την ίδια ημέρα;10430.0;1
Κ32Μ;παθήσεις-επιπλοκές του κυκλοφορικού χωρίς ΟΕΜ  με διαγνωστική επεμβατική καρδιακή τεχνική με σοβαρού βαθμού ή καταστροφικές συνυπάρχουσες παθήσεις-επιπλοκές;20620.0;8
Κ32Χ;παθήσεις-επιπλοκές του κυκλοφορικού χωρίς ΟΕΜ  με διαγνωστική επεμβατική καρδιακή τεχνική χωρίς σοβαρού βαθμού ή καταστροφικές συνυπάρχουσες παθήσεις-επιπλοκές;10890.0;3
Κ33Α;Διάγνωση κυκλοφορικού με μη επεμβατικό μηχανικό αερισμό;31320.0;13
Κ40Μ;Διαταραχές κυκλοφορικού με ΟΕΜ  χωρίς διαγνωστική επεμβατική καρδιακή τεχνική με καταστροφικές συνυπάρχουσες παθήσεις-επιπλοκές;20000.0;10
Κ40Χ;Διαταραχές κυκλοφορικού με ΟΕΜ  χωρίς διαγνωστική επεμβατική καρδιακή τεχνική χωρίς καταστροφικές συνυπάρχουσες παθήσεις-επιπλοκές;7940.0;3
Κ41Μ;Λοιμώδης ενδοκαρδίτιδα με καταστροφικές συνυπάρχουσες παθήσεις-επιπλοκές;48010.0;22
Κ41Χ;Λοιμώδης ενδοκαρδίτιδα χωρίς καταστροφικές συνυπάρχουσες παθήσεις-επιπλοκές;23970.0;12
Κ42Μ;Καρδιακή ανεπάρκεια και καταπληξία (SCHOCK) με καταστροφικές συνυπάρχουσες παθήσεις;20540.0;10
Κ42Χ;Καρδιακή ανεπάρκεια και καταπληξία (SCHOCK) χωρίς καταστροφικές συνυπάρχουσες παθήσεις;9340.0;5
Κ43Μ;Φλεβοθρόμβωση με σοβαρού βαθμού ή καταστροφικές συνυπάρχουσες παθήσεις-επιπλοκές;14710.0;8
Κ33Χ;Φλεβοθρόμβωση χωρίς σοβαρού βαθμού ή καταστροφικές συνυπάρχουσες παθήσεις-επιπλοκές;6690.0;5
Κ34Μ;Δερματικά έλκη σε παθήσεις-επιπλοκές κυκλοφορικού με σοβαρού βαθμού ή καταστροφικές συνυπάρχουσες παθήσεις-επιπλοκές;22330.0;13
Κ34Χ;Δερματικά έλκη σε παθήσεις-επιπλοκές κυκλοφορικού χωρίς σοβαρού βαθμού ή καταστροφικές συνυπάρχουσες παθήσεις-επιπλοκές;9810.0;5
Κ35Μ;Περιφερική αγγειοπάθεια με σοβαρού βαθμού ή καταστροφικές συνυπάρχουσες παθήσεις-επιπλοκές;15020.0;7
Κ35Χ;Περιφερική αγγειοπάθεια χωρίς σοβαρού βαθμού ή καταστροφικές συνυπάρχουσες παθήσεις-επιπλοκές;5210.0;2
Κ36Μ;Αθηρωμάτωση στεφανιαίων αρτηριών με σοβαρού βαθμού ή καταστροφικές συνυπάρχουσες παθήσεις-επιπλοκές;9570.0;5
Κ36Χ;Αθηρωμάτωση στεφανιαίων αρτηριών χωρίς σοβαρού βαθμού ή καταστροφικές συνυπάρχουσες παθήσεις-επιπλοκές;3740.0;2
Κ37Μ;Αρτηριακή υπέρταση με σοβαρού βαθμού ή καταστροφικές συνυπάρχουσες παθήσεις-επιπλοκές;11980.0;6
Κ37Χ;Αρτηριακή υπέρταση χωρίς σοβαρού βαθμού ή καταστροφικές συνυπάρχουσες παθήσεις-επιπλοκές;4590.0;2
Κ38Μ;Συγγενής καρδιοπάθεια με συνυπάρχουσες παθήσεις-επιπλοκές;12840.0;4
Κ38Χ;Συγγενής καρδιοπάθεια χωρίς συνυπάρχουσες παθήσεις-επιπλοκές;6270.0;1
Κ39Μ;Βαλβιδοπάθειες με σοβαρού βαθμού ή καταστροφικές συνυπάρχουσες παθήσεις-επιπλοκές;12680.0;6
Κ39Χ;Βαλβιδοπάθειες χωρίς σοβαρού βαθμού ή καταστροφικές συνυπάρχουσες παθήσεις-επιπλοκές;3270.0;2
Κ43Χ;Συγκοπή και λιποθυμία χωρίς σοβαρού βαθμού ή καταστροφικές συνυπάρχουσες παθήσεις-επιπλοκές;3970.0;2
Κ44Α;Θωρακικό άλγος;3110.0;1
Κ45Μα;Λοιπές παθήσεις-επιπλοκές κυκλοφορικού  με καταστροφικές συνυπάρχουσες παθήσεις-επιπλοκές;24280.0;10
Κ45Μβ;Λοιπές παθήσεις-επιπλοκές κυκλοφορικού  με μετρίου ή σοβαρού βαθμού συνυπάρχουσες παθήσεις-επιπλοκές;10190.0;4
Κ45Χ;Λοιπές παθήσεις-επιπλοκές κυκλοφορικού  χωρίς συνυπάρχουσες παθήσεις-επιπλοκές;5210.0;2
Κ46Μ;Αρρυθμία, καρδιακή ανακοπή και διαταραχές  αγωγιμότητας με σοβαρού βαθμού ή καταστροφικές συνυπάρχουσες παθήσεις-επιπλοκές;12450.0;6
Κ46Χ;Αρρυθμία, καρδιακή ανακοπή και διαταραχές αγωγιμότητας χωρίς σοβαρού βαθμού ή καταστροφικές συνυπάρχουσες παθήσεις-επιπλοκές;4440.0;2
Κ47Α;Κατάλυση αρρυθμιογόνων εστιών;24230.0;6
Π01Μ;Εκτομή ορθού με καταστροφικές  συνυπάρχουσες παθήσεις - επιπλοκές;64890.0;18
Π01Χ;Εκτομή ορθού χωρίς καταστροφικές  συνυπάρχουσες παθήσεις - επιπλοκές;38570.0;9
Π02Μ;Μείζονες επεμβάσεις λεπτού και παχέος εντέρου με καταστροφικές  συνυπάρχουσες παθήσεις - επιπλοκές;57410.0;17
Π02Χ;Μείζονες επεμβάσεις λεπτού και παχέος εντέρου χωρίς καταστροφικές  συνυπάρχουσες παθήσεις - επιπλοκές;27710.0;8
Π03Μ;Επεμβάσεις στομάχου, οισοφάγου και δωδεκαδακτύλου με κακοήθεια ή με καταστροφικές  συνυπάρχουσες παθήσεις - επιπλοκές;69080.0;17
Π03Χα;Επεμβάσεις στομάχου, οισοφάγου και δωδεκαδάκτυλου χωρίς κακοήθεια και σοβαρές ή μεσαίας βαρύτητας  συνυπάρχουσες παθήσεις - επιπλοκές;28260.0;8
Π03Χβ;Επεμβάσεις στομάχου, οισοφάγου και δωδεκαδάκτυλου χωρίς κακοήθεια χωρίς συνυπάρχουσες παθήσεις - επιπλοκές;18130.0;4
Π04Μα;Λύση περιτοναϊκών συμφύσεων με καταστροφικές  συνυπάρχουσες παθήσεις - επιπλοκές;48470.0;16
Π04Μβ;Λύση περιτοναϊκών συμφύσεων με σοβαρές ή μεσαίας βαρύτητας συνυπάρχουσες παθήσεις - επιπλοκές;27100.0;9
Π04Χ;Λύση περιτοναϊκών συμφύσεων χωρίς συνυπάρχουσες παθήσεις - επιπλοκές;15780.0;4
Π05Μα;Μικρές επεμβάσεις λεπτού και παχέος εντέρου με καταστροφικές συνυπάρχουσες παθήσεις - επιπλοκές;33290.0;12
Π05Μβ;Μικρές επεμβάσεις λεπτού και παχέος εντέρου με  σοβαρές ή μεσαίας βαρύτητας  συνυπάρχουσες παθήσεις - επιπλοκές;20850.0;7
Π05Χ;Μικρές επεμβάσεις λεπτού και παχέος εντέρου χωρίς  συνυπάρχουσες παθήσεις - επιπλοκές;13790.0;4
Π06Α;Επεμβάσεις πυλορομυοτομής;10370.0;3
Π07Μ;Σκωληκοειδεκτομή με κακοήθεια ή περιτονίτιδα ή με καταστροφικές ή σοβαρές  συνυπάρχουσες παθήσεις - επιπλοκές;15500.0;5
Π07Χ;Σκωληκοειδεκτομή χωρίς κακοήθεια ή περιτονίτιδα ή χωρίς καταστροφικές ή σοβαρές  συνυπάρχουσες παθήσεις - επιπλοκές;9830.0;2
Π10Μ;Επεμβάσεις κηλών (βουβωνοκήλες, ομφαλοκήλες κτλ) με  συνυπάρχουσες παθήσεις - επιπλοκές;16970.0;5
Π10Χ;Επεμβάσεις κηλών (βουβωνοκήλες, ομφαλοκήλες κτλ) χωρίς  συνυπάρχουσες παθήσεις - επιπλοκές;8680.0;1
Π11Α;Επεμβάσεις που αφορούν κωλοστομίες και πρωκτό;5660.0;2
Π12Μα;Λοιπές Επεμβάσεις πεπτικού συστήματος  με καταστροφικές  συνυπάρχουσες παθήσεις - επιπλοκές;41770.0;16
Π12Μβ;Λοιπές Επεμβάσεις πεπτικού συστήματος  με σοβαρές ή μεσαίας βαρύτητας  συνυπάρχουσες παθήσεις - επιπλοκές;19320.0;7
Π12Χ;Λοιπές Επεμβάσεις πεπτικού συστήματος  χωρίς  συνυπάρχουσες παθήσεις - επιπλοκές;9670.0;3
Π26Μ;Συνδυασμένη γαστροσκόπιση με καταστροφικές  συνυπάρχουσες παθήσεις - επιπλοκές;33380.0;14
Π26Χ;Συνδυασμένη γαστροσκόπιση χωρίς καταστροφικές  συνυπάρχουσες παθήσεις - επιπλοκές;12450.0;5
Π26Α;Συνδυασμένη γαστροσκόπιση, την ίδια ημέρα;3300.0;1
Π27Μ;Λοιπές επεμβάσεις γαστροσκόπισης με καταστροφικές  συνυπάρχουσες παθήσεις - επιπλοκές;25210.0;12
Π27Χ;Λοιπές επεμβάσεις γαστροσκόπισης χωρίς καταστροφικές  συνυπάρχουσες παθήσεις - επιπλοκές;9880.0;4
Π27Α;Λοιπές επεμβάσεις γαστροσκόπισης, την ίδια ημέρα;2650.0;1
Π28Μ;Κολονοσκόπιση με καταστροφικές ή σοβαρές  συνυπάρχουσες παθήσεις - επιπλοκές;20620.0;10
Π28Χ;Κολονοσκόπιση χωρίς καταστροφικές ή σοβαρές  συνυπάρχουσες παθήσεις - επιπλοκές;8720.0;4
Π28Α;Κολονοσκόπιση, την ίδια ημέρα;2900.0;1
Π40Μ;Κακοήθεια του γαστρεντερικού με καταστροφικές  συνυπάρχουσες παθήσεις - επιπλοκές;16730.0;9
Π40Χ;Κακοήθεια του γαστρεντερικού χωρίς καταστροφικές  συνυπάρχουσες παθήσεις - επιπλοκές;6770.0;4
Π41Μ;Αιμορραγία γαστρεντερικού με καταστροφικές ή σοβαρές  συνυπάρχουσες παθήσεις - επιπλοκές;10270.0;5
Π41Χ;Αιμορραγία γαστρεντερικού χωρίς καταστροφικές ή σοβαρές  συνυπάρχουσες παθήσεις - επιπλοκές;4120.0;2
Π42Α;Επιπεπλεγμένο πεπτικό έλκος;10970.0;5
Π43Α;Μη επιπεπλεγμένο πετικό έλκος;3350.0;2
Π44Μ;Φλεγμονώδης νόσος εντέρου με  συνυπάρχουσες παθήσεις - επιπλοκές;10970.0;5
Π44Χ;Φλεγμονώδης νόσος εντέρου χωρίς  συνυπάρχουσες παθήσεις - επιπλοκές;10730.0;2
Π45Μ;Απόφραξη γαστρεντερικού συστήματος με καταστροφικές ή σοβαρές  συνυπάρχουσες παθήσεις - επιπλοκές;13380.0;7
Π45Χ;Απόφραξη γαστρεντερικού συστήματος χωρίς καταστροφικές ή σοβαρές  συνυπάρχουσες παθήσεις - επιπλοκές;6230.0;3
Π46Α;Κοιλιακός πόνος ή μεσεντερική αδενίτιδα;3270.0;2
Π47Μ;Οισοφαγίτιδα και γαστρεντερίτιδα με καταστροφικές ή σοβαρές  συνυπάρχουσες παθήσεις - επιπλοκές;11210.0;5
Π47Χ;Οισοφαγίτιδα και γαστρεντερίτιδα χωρίς καταστροφικές ή σοβαρές  συνυπάρχουσες παθήσεις - επιπλοκές;3350.0;2
Π50Μ;Διάγνωση άλλων παθήσεων του πεπτικού συστήματος με καταστροφικές ή σοβαρές  συνυπάρχουσες παθήσεις - επιπλοκές;11360.0;6
Π50Χ;Διάγνωση άλλων παθήσεων του πεπτικού συστήματος χωρίς καταστροφικές ή σοβαρές  συνυπάρχουσες παθήσεις - επιπλοκές;3740.0;2
Η01Μ;Αναστομώσεις πυλαίας-κάτω κοίλης, επεμβάσεις παγκρέατος, ήπατος και παρακάμψεις με καταστροφικές  συνυπάρχουσες παθήσεις - επιπλοκές;79160.0;19
Η01Χ;Αναστομώσεις πυλαίας-κάτω κοίλης, επεμβάσεις παγκρέατος, ήπατος και παρακάμψεις χωρίς καταστροφικές  συνυπάρχουσες παθήσεις - επιπλοκές;36820.0;7
Η02Μα;Μείζονες επεμβάσεις χοληφόρων  με καταστροφικές  συνυπάρχουσες παθήσεις - επιπλοκές;51110.0;17
Η02Μβ;Μείζονες επεμβάσεις χοληφόρων  με σοβαρές  συνυπάρχουσες παθήσεις - επιπλοκές;25780.0;9
Η02Χ;Μείζονες επεμβάσεις χοληφόρων  χωρίς καταστροφικές ή σοβαρές  συνυπάρχουσες παθήσεις - επιπλοκές;20790.0;6
Η05Μ;Διαγνωστικές ηπατοχολικές παρεμβάσεις με καταστροφικές  συνυπάρχουσες παθήσεις - επιπλοκές;45330.0;14
Η05Χ;Διαγνωστικές ηπατοχολικέςπαρεμβάσεις χωρίς καταστροφικές  συνυπάρχουσες παθήσεις - επιπλοκές;13930.0;4
Η06Μ;Λοιπές Διαγνωστικές ηπατοχολικές χειρουργικές παρεμβάσεις και παρεμβάσεις  παγκρέατος με καταστροφικές  συνυπάρχουσες παθήσεις - επιπλοκές;46460.0;19
Η06Χ;Λοιπές Διαγνωστικές ηπατοχολικές χειρουργικές παρεμβάσεις και παρεμβάσεις παγκρέατος χωρίς καταστροφικές  συνυπάρχουσες παθήσεις - επιπλοκές;15560.0;5
Η07Μ;Ανοιχτή χολοκυστεκτομή με κλειστό χοληδόχο πόρο ή με καταστροφικές  συνυπάρχουσες παθήσεις - επιπλοκές;42990.0;14
Η07Χ;Ανοιχτή χολοκυστεκτομή χωρίς κλειστό χοληδόχο πόρο χωρίς καταστροφικές  συνυπάρχουσες παθήσεις - επιπλοκές;20370.0;6
Η08Μ;Λαπαρασκοπική χολοκυστεκτομή με κλειστό χοληδόχο πόρο ή με καταστροφικές ή σοβαρές συνυπάρχουσες παθήσεις - επιπλοκές;21110.0;6
Η08Χ;Λαπαρασκοπική χολοκυστεκτομή χωρίς κλειστό χοληδόχο πόρο χωρίς καταστροφικές ή σοβαρές  συνυπάρχουσες παθήσεις - επιπλοκές;12730.0;2
Η20Μ;Ενδοσκοπικές επεμβάσεις για αιμορραγία κιρσων του οισοφάγου με καταστροφικές  συνυπάρχουσες παθήσεις - επιπλοκές;35610.0;11
Η20Χ;Ενδοσκοπικές επεμβάσεις για αιμορραγία κιρσων του οισοφάγου χωρίς καταστροφικές  συνυπάρχουσες παθήσεις - επιπλοκές;15170.0;5
Η23Μ;Ενδοσκοπική παλίνδρομη χολαγειοπαγκρεατογραφία με καταστροφικές ή σοβαρές  συνυπάρχουσες παθήσεις - επιπλοκές;25520.0;11
Η23Χ;Ενδοσκοπική παλίνδρομη χολαγειοπαγκρεατογραφία χωρίς καταστροφικές ή σοβαρές  συνυπάρχουσες παθήσεις - επιπλοκές;7860.0;3
Η40Μα;Κίρρωση και αλκοολική ηπατίτιδα με καταστροφικές  συνυπάρχουσες παθήσεις - επιπλοκές;26540.0;12
Η40Μβ;Κίρρωση και αλκοολική ηπατίτιδα με σοβαρές ή μεσαίας βαρύτητας  συνυπάρχουσες παθήσεις - επιπλοκές;9650.0;5
Η40Χ;Κίρρωση και αλκοολική ηπατίτιδα χωρίς   συνυπάρχουσες παθήσεις - επιπλοκές;3660.0;2
Η41Μ;Κακοήθεια του ηπατοχολικού συστήματος και παγκρέατος με καταστροφικές  συνυπάρχουσες παθήσεις - επιπλοκές;19300.0;9
Η41Χ;Κακοήθεια του ηπατοχολικού συστήματος και παγκρέατος χωρίς καταστροφικές  συνυπάρχουσες παθήσεις - επιπλοκές;8720.0;4
Η42Μ;Διαταραχές παγκρέατος χωρίς κακοήθεια με καταστροφικές ή σοβαρές  συνυπάρχουσες παθήσεις - επιπλοκές;19380.0;8
Η42Χ;Διαταραχές παγκρέατος χωρίς κακοήθεια χωρίς καταστροφικές ή σοβαρές  συνυπάρχουσες παθήσεις - επιπλοκές;7080.0;3
Η43Μ;Διαταραχές ήπατος χωρίς κακοήθεια, Κύρωση, αλκοολική ηπατίτιδα με καταστροφικές ή σοβαρές  συνυπάρχουσες παθήσεις - επιπλοκές;18130.0;8
Η43Χ;Διαταραχές ήπατος χωρίς κακοήθεια, Κύρωση, αλκοολική ηπατίτιδα χωρίς καταστροφικές ή σοβαρές  συνυπάρχουσες παθήσεις - επιπλοκές;5210.0;2
Η44Μ;Δαταραχές των χοληφόρων με  συνυπάρχουσες παθήσεις - επιπλοκές;11980.0;6
Η44Χ;Δαταραχές των χοληφόρων με/ χωρίς  συνυπάρχουσες παθήσεις - επιπλοκές;4360.0;2
Μ01Μ;Αμφοτερόπλευρες/Πολλαπλές επεμβάσεις μεγάλων αρθρώσεων κάτω άκρων με αναθεώρηση ή με καταστροφικές  συνυπάρχουσες παθήσεις - επιπλοκές;140200.0;25
Μ01Χ;Αμφοτερόπλευρες/ Πολλαπλές επεμβάσεις μεγάλων αρθρώσεων κάτω άκρων χωρίς αναθεώρηση  χωρίς  καταστροφικές  συνυπάρχουσες παθήσεις - επιπλοκές;96060.0;7
Μ02Μ;Μεταφορά μικροαγγειούμενου ιστικού μοσχεύματος ή (Δερματικό μόσχευμα με καταστροφικές ή σοβαρές συνυπάρχουσες παθήσεις – επιπλοκές) εξαιρουμένης άκρας χείρας;91100.0;27
Μ02Χ;Δερματικό μόσχευμα (κρημνός) χωρίς καταστροφικές ή σοβαρές συνυπάρχουσες παθήσεις – επιπλοκές, εξαιρουμένης άκρας χείρας;34300.0;8
Μ03Μ;Αντικατάσταση ισχίου με καταστροφικές συνυπάρχουσες παθήσεις - επιπλοκές;63070.0;15
Μ03Χ;Αντικατάσταση ισχίου χωρίς  καταστροφικές συνυπάρχουσες παθήσεις - επιπλοκές;64110.0;7
Μ04Μ;Αντικατάσταση γόνατος με καταστροφικές ή σοβαρές συνυπάρχουσες παθήσεις - επιπλοκές;70420.0;9
Μ04Χ;Αντικατάσταση γόνατος χωρίς καταστροφικές ή σοβαρές συνυπάρχουσες παθήσεις - επιπλοκές;66110.0;6
Μ05Μ;Αντικατάσταση άλλων αρθρώσεων με καταστροφικές ή σοβαρές συνυπάρχουσες παθήσεις - επιπλοκές;77050.0;11
Μ05Χ;Αντικατάσταση άλλων αρθρώσεων χωρίς καταστροφικές ή σοβαρές  συνυπάρχουσες παθήσεις - επιπλοκές;61010.0;5
Μ06Α;Σπονδυλοδεσία με παραμόρφωση;199800.0;9
Μ07Α;Ακρωτηριασμός;52350.0;21
Μ08Μ;Λοιπές επεμβάσεις ισχίου και μηριαίου με καταστροφικές  συνυπάρχουσες παθήσεις - επιπλοκές;44490.0;17
Μ08Χ;Λοιπές επεμβάσεις ισχίου και μηριαίου χωρίς καταστροφικές  συνυπάρχουσες παθήσεις - επιπλοκές;30140.0;9
Μ09Μ;Σπονδυλοδεσία με καταστροφικές  συνυπάρχουσες παθήσεις - επιπλοκές;147200.0;18
Μ09Χ;Σπονδυλοδεσία χωρίς καταστροφικές  συνυπάρχουσες παθήσεις - επιπλοκές;97830.0;7
Μ10Μ;Λοιπές επεμβάσεις αυχένος-οσφύος - θώρακος με καταστροφικές ή σοβαρές  συνυπάρχουσες παθήσεις - επιπλοκές;33910.0;10
Μ10Χ;Λοιπές επεμβάσεις αυχένος-οσφύος - θώρακος χωρίς καταστροφικές ή σοβαρές  συνυπάρχουσες παθήσεις - επιπλοκές;19080.0;4
Μ11Α;Επεμβάσεις διατατικής επιμηκύνσεως άκρων;40450.0;4
Μ12Μα;Λοίμωξη / φλεγμονή οστών και αρθρώσεων με διάφορες μυοσκελετικές επεμβάσεις με  σοβαρής και μέτριας βαρύτητας συνυπάρχουσες παθήσεις - επιπλοκές;54780.0;24
Μ12Μβ;Λοίμωξη / φλεγμονή οστών και αρθρώσεων με διάφορες μυοσκελετικές επεμβάσεις με  καταστροφικές συνυπάρχουσες παθήσεις - επιπλοκές;29930.0;14
Μ12Χ;Λοίμωξη / φλεγμονή οστών και αρθρώσεων με διάφορες μυοσκελετικές επεμβάσεις χωρίς  συνυπάρχουσες παθήσεις - επιπλοκές;16650.0;6
Μ13Μ;Επεμβάσεις βραχιονίου, κνήμης, περόνης και αστραγάλου με συνυπάρχουσες παθήσεις - επιπλοκές;38930.0;11
Μ13Χ;Επεμβάσεις Βραχιονίου, κνήμης, περόνης και αστραγάλου χωρίς συνυπάρχουσες παθήσεις - επιπλοκές;20830.0;4
Μ15Α;Κρανιοπροσωπικές επεμβάσεις;37610.0;6
Μ16Α;Λοιπές επεμβάσεις ώμου;15880.0;2
Μ17Μ;Γναθοπροσωπικές επεμβάσεις με συνυπάρχουσες παθήσεις - επιπλοκές;27080.0;3
Μ17Χ;Γναθοπροσωπικές επεμβάσεις χωρίς συνυπάρχουσες παθήσεις - επιπλοκές;17640.0;2
Μ18Α;Λοιπές επεμβάσεις γόνατος;7430.0;1
Μ19Μ;Λοιπές επεμβάσεις αγκώνος και αντιβραχίου με συνυπάρχουσες παθήσεις - επιπλοκές;26480.0;6
Μ19Χ;Λοιπές επεμβάσεις αγκώνος και αντιβραχίου χωρίς συνυπάρχουσες παθήσεις - επιπλοκές;19040.0;2
Μ20Α;Λοιπές επεμβάσεις άκρου ποδός;12860.0;2
Μ21Α;Τοπική Εκτομή και Αφαίρεση υλικών εσωτερικής οστεοσύνθεσης ισχίου και μηριαίου;10520.0;2
Μ23Α;Τοπική εκτομή και αφαίρεση υλικών εσωτερικής οστεοσύνθεσης εκτός ισχίου και μηριαίου;6610.0;1
Μ24Α;Αρθροσκόπηση;7100.0;1
Μ25Μ;Διαγνωστικές επεμβάσεις οστών και αρθρώσεων συμπεριλαμβανομένης βιοψίας  με συνυπάρχουσες παθήσεις - επιπλοκές;28640.0;11
Μ25Χ;Διαγνωστικές επεμβάσεις οστών και αρθρώσεων συμπεριλαμβανομένης βιοψίας χωρίς συνυπάρχουσες παθήσεις - επιπλοκές;12600.0;3
Μ27Μ;Επεμβάσεις μαλακών μορίων  με συνυπάρχουσες παθήσεις - επιπλοκές;21790.0;9
Μ27Χ;Επεμβάσεις μαλακών μορίων χωρίς συνυπάρχουσες παθήσεις - επιπλοκές;9020.0;2
Μ28Μ;Λοιπές επεμβάσεις μυοσκελετικού με συνυπάρχουσες παθήσεις - επιπλοκές;26390.0;11
Μ28Χ;Λοιπές επεμβάσεις μυοσκελετικού χωρίς συνυπάρχουσες παθήσεις - επιπλοκές;13790.0;2
Μ29Α;Ανακατασκευή ή αναθεώρηση πρόθεσης γόνατος;19030.0;1
Μ30Α;Επεμβάσεις χειρός;8910.0;1
Μ31Μ;Επανεπεμβαση Ισχίου με καταστροφικές  συνυπάρχουσες παθήσεις - επιπλοκές;116750.0;23
Μ31Χ;Επανεπεμβαση Ισχίου χωρίς καταστροφικές  συνυπάρχουσες παθήσεις - επιπλοκές;85330.0;11
Μ32Μα;Επανεπεμβαση γόνατος με καταστροφικές  συνυπάρχουσες παθήσεις - επιπλοκές;129120.0;27
Μ32Μβ;Επανεπεμβαση  γόνατος με  συνυπάρχουσες παθήσεις - επιπλοκές;99630.0;12
Μ32Χ;Επανεπεμβαση γόνατος χωρίς καταστροφικές η  συνυπάρχουσες παθήσεις - επιπλοκές;91470.0;9
Μ60Α;Κατάγματα διάφυσης μηριαίου;17200.0;7
Μ61Μ;Κατάγματα περιφερικού μηριαίου με συνυπάρχουσες παθήσεις - επιπλοκές;22100.0;13
Μ61Χ;Κατάγματα περιφερικού μηριαίου χωρίς συνυπάρχουσες παθήσεις - επιπλοκές;8560.0;4
Μ63Μ;Θλάσεις, διαστρέμματα και εξαρθρώματα Ισχίου, Λεκάνης και  Μηρού με συνυπάρχουσες παθήσεις - επιπλοκές;11980.0;7
Μ63Χ;Θλάσεις, διαστρέμματα και εξαρθρώματα Ισχίου, Λεκάνης και  Μηρού χωρίς συνυπάρχουσες παθήσεις - επιπλοκές;4440.0;2
Μ64Μ;Οστεομυελίτιδα με καταστροφικές ή σοβαρές συνυπάρχουσες παθήσεις - επιπλοκές;26690.0;15
Μ64Χ;Οστεομυελίτιδα χωρίς καταστροφικές ή σοβαρές συνυπάρχουσες παθήσεις - επιπλοκές;11750.0;8
Μ65Μ;Κακοήθεις νεοπλασματικοί  όγκοι μυοσκελετικού με καταστροφικές συνυπάρχουσες παθήσεις-επιπλοκές;25600.0;12
Μ65Χ;Κακοήθεις νεοπλασματικοί  όγκοι μυοσκελετικού χωρίς καταστροφικές συνυπάρχουσες παθήσεις-επιπλοκές;12220.0;5
Μ66Μ;Φλεγμονώδεις παθήσεις μυοσκελετικού με καταστροφικές  ή σοβαρές  συνυπάρχουσες παθήσεις - επιπλοκές;24360.0;10
Μ66Χ;Φλεγμονώδεις παθήσεις μυοσκελετικού χωρίς καταστροφικές  ή σοβαρές  συνυπάρχουσες παθήσεις - επιπλοκές;6520.0;2
Μ67Μ;Σηπτική αρθρίτιδα με καταστροφικές ή σοβαρές  συνυπάρχουσες παθήσεις - επιπλοκές;24280.0;12
Μ67Χ;Σηπτική αρθρίτιδα με καταστροφικές χωρίς σοβαρές  συνυπάρχουσες παθήσεις - επιπλοκές;9960.0;7
Μ68Μ;Μη χειρουργικές σκελετικές παθήσεις με συνυπάρχουσες παθήσεις - επιπλοκές;17120.0;9
Μ68Χ;Μη χειρουργικές παθήσεις νωτιαιου σωλήνα χωρίς συνυπάρχουσες παθήσεις - επιπλοκές;7310.0;4
Μ68Α;Μη χειρουργικές παθήσεις νωτιαιου σωλήνα μιας ημέρας θεραπειών;1510.0;1
Μ69Μ;Παθήσεις οστών και αρθροπάθειες με καταστροφικές ή σοβαρές  συνυπάρχουσες παθήσεις - επιπλοκές;15330.0;9
Μ69Χ;Παθήσεις οστών και αρθροπάθειες χωρίς καταστροφικές ή σοβαρές  συνυπάρχουσες παθήσεις - επιπλοκές;4280.0;2
Μ71Μ;Λοιπές παθήσεις μυών-τενόντων με καταστροφικές ή σοβαρές  συνυπάρχουσες παθήσεις - επιπλοκές;13230.0;7
Μ71Χ;Λοιπές παθήσεις μυών-τενόντων χωρίς καταστροφικές ή σοβαρές  συνυπάρχουσες παθήσεις - επιπλοκές;4050.0;2
Μ72Μ;Ειδικές παθήσεις μυών - τενόντων με καταστροφικές ή σοβαρές συνυπάρχουσες παθήσεις - επιπλοκές;16810.0;9
Μ72Χ;Ειδικές παθήσεις μυών - τενόντων χωρίς καταστροφικές  ή σοβαρές συνυπάρχουσες παθήσεις - επιπλοκές;4900.0;3
Μ73Μ;Μετεγχειρητική παρακολούθηση μυοσκελετικών μοσχευμάτων/ προθέσεων με καταστροφικές ή σοβαρές  συνυπάρχουσες παθήσεις - επιπλοκές;22490.0;18
Μ73Χ;Μετεγχειρητική παρακολούθηση μυοσκελετικών μοσχευμάτων/ προθέσεων χωρίς καταστροφικές ή σοβαρές  συνυπάρχουσες παθήσεις - επιπλοκές;5840.0;4
Μ74Α;Κακώσεις αντιβραχίου καρπού, χειρός ή ποδός;3500.0;2
Μ75Μ;Κάκωση ώμου, Βραχιονίου, αγκώνα, γόνατος, ποδιού ή αστραγάλου με συνυπάρχουσες παθήσεις - επιπλοκές;14550.0;8
Μ75Χ;Κάκωση ώμου, Βραχιονίου, αγκώνα, γόνατος, ποδιού ή αστραγάλου χωρίς συνυπάρχουσες παθήσεις - επιπλοκές;4050.0;2
Μ76Μ;Λοιπές μυοσκελετικές παθήσεις με καταστροφικές ή σοβαρές  συνυπάρχουσες παθήσεις - επιπλοκές;12920.0;7
Μ76Χ;Λοιπές μυοσκελετικές παθήσεις με καταστροφικές χωρίς  σοβαρές συνυπάρχουσες παθήσεις - επιπλοκές;3890.0;2
Μ77Μ;Κατάγματα λεκάνης με καταστροφικές ή σοβαρές  συνυπάρχουσες παθήσεις - επιπλοκές;22570.0;13
Μ77Χ;Κατάγματα λεκάνης με καταστροφικές χωρίς  σοβαρές συνυπάρχουσες παθήσεις - επιπλοκές;10580.0;6
Μ78Μ;Κατάγματα αυχένος του μηριαίου με καταστροφικές ή σοβαρές συνυπάρχουσες παθήσεις - επιπλοκές;14630.0;8
Μ78Χ;Κατάγματα αυχένος του μηριαίου χωρίς καταστροφικές η σοβαρές συνυπάρχουσες παθήσεις ή επιπλοκές;4750.0;2
Μ79Μ;Παθολογικά κατάγματα με καταστροφικές  συνυπάρχουσες παθήσεις - επιπλοκές;29420.0;17
Μ79Χ;Παθολογικά κατάγματα χωρίς καταστροφικές  συνυπάρχουσες παθήσεις - επιπλοκές;13700.0;8
Δ01Μ;Μεταφορά μικροαγγειακού μοσχεύματος για διαταραχές δέρματος, υποδορίου ιστού και μαστού με καταστροφικές/σοβαρές συνυπάρχουσες παθήσεις – επιπλοκές;85570.0;15
Δ01Χ;Μεταφορά μικροαγγειακού μοσχεύματος για διαταραχές δέρματος, υποδορίου ιστού και μαστού χωρίς καταστροφικές/σοβαρές συνυπάρχουσες παθήσεις – επιπλοκές;64520.0;9
Δ06Α;Μείζονες επεμβάσεις μαστού;13830.0;3
Δ07Α;Ελάσσονες  επεμβάσεις μαστού;6050.0;1
Δ08Μ;Άλλες επεμβάσεις για δερματικό μόσχευμα και/ ή χειρουργικός καθαρισμός με συνυπάρχουσες παθήσεις – επιπλοκές;22940.0;11
Δ08Χ;Άλλες επεμβάσεις για δερματικό μόσχευμα και/ ή χειρουργικός καθαρισμός χωρίς συνυπάρχουσες παθήσεις – επιπλοκές;7910.0;2
Δ09Α;Περιοδικές επεμβάσεις και επεμβάσεις τριχοφωλεακού συριγγίου;6880.0;2
Δ10Α;Χειρουργικές επεμβάσεις πλαστικής δέρματος, υποδορίου ιστού και μαστού;6720.0;1
Δ11Α;Άλλες χειρουργικές επεμβάσεις πλαστικής δέρματος, υποδορίου ιστού και μαστού;4040.0;1
Δ12Μ;Επεμβάσεις στα κάτω άκρα με έλκος/ κυτταρίτιδα, με καταστροφικές συνυπάρχουσες παθήσεις - επιπλοκές;48710.0;23
Δ12Χα;Επεμβάσεις στα κάτω άκρα με έλκος/ κυτταρίτιδα, χωρίς καταστροφικές συνυπάρχουσες παθήσεις - επιπλοκές με επιδιόρθωση με δερματικό μόσχευμα ή μεταφορά δερματικού κρημνού;30970.0;13
Δ12Χβ;Επεμβάσεις στα κάτω άκρα με έλκος/ κυτταρίτιδα χωρίς καταστροφικές συνυπάρχουσες παθήσεις - επιπλοκές χωρίς επιδιόρθωση με δερματικό μόσχευμα ή μεταφορά δερματικού κρημνού;17740.0;8
Δ13Μ;Επεμβάσεις στα κάτω άκρα χωρίς έλκος/ κυτταρίτιδα με καταστροφικές συνυπάρχουσες παθήσεις - επιπλοκές ή με επιδιόρθωση με δερματικό μόσχευμα ή μεταφορά δερματικού κρημνού;28560.0;12
Δ13Χ;Επεμβάσεις στα κάτω άκρα χωρίς έλκος/ κυτταρίτιδα χωρίς καταστροφικές συνυπάρχουσες παθήσεις - επιπλοκές, χωρίς επιδιόρθωση με δερματικό μόσχευμα ή μεταφορά δερματικού κρημνού;9150.0;4
Δ14Α;Εκτεταμένη πλαστική αποκατάσταση στήθους;41980.0;8
Δ20Μ;Δερματικά έλκη με καταστροφικές συνυπάρχουσες παθήσεις - επιπλοκές;26690.0;16
Δ20Χ;Δερματικά έλκη χωρίς καταστροφικές συνυπάρχουσες παθήσεις - επιπλοκές;14710.0;9
Δ20Α;Δερματικά έλκη, την ίδια ημέρα;1710.0;1
Δ22Μ;κακοήθεις παθήσεις του μαστου με συνυπάρχουσες παθήσεις - επιπλοκές;9650.0;5
Δ22Χ;κακοήθεις παθήσεις του μαστου χωρίς συνυπάρχουσες παθήσεις - επιπλοκές;6880.0;2
Δ23Μ;μη-κακοήθεις παθήσεις του μαστου με συνυπάρχουσες παθήσεις - επιπλοκές;9650.0;5
Δ23Χ;μη-κακοήθεις παθήσεις του μαστου χωρίς συνυπάρχουσες παθήσεις - επιπλοκές;3660.0;2
Δ24Μ;Κυτταρίτιδα με καταστροφικές ή σοβαρές συνυπάρχουσες παθήσεις - επιπλοκές;16190.0;9
Δ24Χ;Κυτταρίτιδα χωρίς καταστροφικές ή σοβαρές συνυπάρχουσες παθήσεις - επιπλοκές;8020.0;4
Δ25Μ;Τραύμα στο δέρμα , υποδορίου και του μαστού με καταστ. η σοβαρές συνυπάρχουσες παθήσεις - επιπλοκές;11050.0;6
Δ25Χ;Τραύμα στο δέρμα , υποδορίου και του μαστού χωρίς καταστ. η σοβαρές συνυπάρχουσες παθήσεις - επιπλοκές;3500.0;2
Δ27Μ;Ελάσσονες παθήσεις του δέρματος;7080.0;3
Δ27Χ;Ελάσσονες παθήσεις του δέρματος την ίδια ημέρα;1990.0;1
Δ28Μ;Μείζονες παθήσεις με καταστροφικές η σοβαρές συνυπάρχουσες παθήσεις - επιπλοκές;19690.0;10
Δ28Χ;Μείζονες παθήσεις χωρίς καταστροφικές η σοβαρές συνυπάρχουσες παθήσεις - επιπλοκές;9650.0;4
Δ28Α;Μείζονες (μεγάλης βαρύτητας) παθήσεις την ίδια ημέρα;3820.0;1
Δ29Μ;Κακοήθειες του δέρματος με καταστροφικές συνυπάρχουσες παθήσεις - επιπλοκές;21710.0;11
Δ29Χ;Κακοήθειες του δέρματος χωρίς καταστροφικές συνυπάρχουσες παθήσεις - επιπλοκές;13770.0;7
Δ29Α;Κακοήθειες του δέρματος την ίδια ημέρα;1610.0;1
Θ01Μ;Διαβητικες επιπλοκές με καταστροφικές συνυπάρχουσες παθήσεις - επιπλοκές;62020.0;27
Θ01Χ;Διαβητικες επιπλοκες χωρίς καταστροφικές συνυπάρχουσες παθήσεις - επιπλοκές;28010.0;12
Θ02Μ;Επεμβάσεις υποφύσεως με συνυπάρχουσες παθήσεις - επιπλοκές;51350.0;10
Θ02Χ;Επεμβάσεις υποφύσεως χωρίς συνυπάρχουσες παθήσεις - επιπλοκές;35150.0;6
Θ03Α;Επεμβάσεις επινεφριδίου;32970.0;6
Θ04Μ;Μείζονες ( εξαιρετικά βαριές ) Επεμβασεις για την Παχυσαρκια με συνυπάρχουσες παθήσεις - επιπλοκές;43780.0;8
Θ04Χ;Μείζονες ( εξαιρετικά βαριές ) Επεμβασεις για την Παχυσαρκια χωρίς συνυπάρχουσες παθήσεις - επιπλοκές;28480.0;2
Θ05Μ;Επεμβάσεις παραθυρεοειδών με καταστροφικές ή σοβαρές συνυπάρχουσες παθήσεις - επιπλοκές;25870.0;8
Θ05Χ;Επεμβάσεις παραθυρεοειδών χωρίς καταστροφικές ή σοβαρές συνυπάρχουσες παθήσεις - επιπλοκές;12180.0;2
Θ06Μ;Επεμβάσεις του θυρεοειδούς με καταστροφικές η σοβαρές συνυπάρχουσες παθήσεις - επιπλοκές;26200.0;5
Θ06Χ;Επεμβάσεις του θυρεοειδούς χωρίς καταστροφικές η σοβαρές συνυπάρχουσες παθήσεις - επιπλοκές;15810.0;2
Θ07Α;Επεμβάσεις για την παχυσαρκία;12760.0;3
Θ08Α;Επεμβάσεις θυρεογλωσσικές;9520.0;1
Θ09Μ;Λοιπές χειρουργικές επεμβάσεις για  ενδοκρινολογικές, διατροφικές και μεταβολικές διαταραχές με καταστροφικές συνυπάρχουσες παθήσεις - επιπλοκές;48950.0;19
Θ09Χα;Λοιπές χειρουργικές επεμβάσεις για  ενδοκρινολογικές, διατροφικές και μεταβολικές διαταραχές χωρίς καταστροφικές συνυπάρχουσες παθήσεις - επιπλοκές;20800.0;7
Θ09Χβ;Άλλες Ενδοκρινολογικές, θρεπτικών και μεταβολικές επεμβάσεις χωρίς σοβαρές και μετριοπαθή  συνυπάρχουσες παθήσεις - επιπλοκές;17650.0;3
Θ20Α;Ενδοσκοπικές ή διερευνητικές επεμβάσεις για μεταβολικές δυσλειτουργίες την ίδια ημέρα;2970.0;1
Θ20Μ;Διαβήτης με καταστροφικές η σοβαρές συνυπάρχουσες παθήσεις - επιπλοκές;17350.0;8
Θ20Χ;Διαβήτης χωρίς καταστροφικές ή σοβαρές συνυπάρχουσες παθήσεις - επιπλοκές;7310.0;3
Θ21Α;Σοβαρές διατροφικές διαταραχές;25990.0;12
Θ22Μ;Διάφορες δυσλειτουργίες του μεταβολισμού με καταστροφικές  ή σοβαρές συνυπάρχουσες παθήσεις - επιπλοκές;13930.0;7
Θ22Χ;Διάφορες δυσλειτουργίες του μεταβολισμού χωρίς καταστροφικές ή σοβαρές συνυπάρχουσες παθήσεις - επιπλοκές;4820.0;2
Θ23Μ;Συγγενή ασθένειες του μεταβολισμού με συνυπάρχουσες παθήσεις - επιπλοκές;10740.0;4
Θ23Χ;Συγγενή ασθένειες του μεταβολισμού χωρίς συνυπάρχουσες παθήσεις - επιπλοκές;4050.0;2
Θ24Μ;Ενδοκρινολογικές δυσλειτουργίες με καταστροφικές η σοβαρές συνυπάρχουσες παθήσεις - επιπλοκές;18290.0;9
Θ24Χ;Ενδοκρινολογικές δυσλειτουργίες χωρίς καταστροφικές η σοβαρές συνυπάρχουσες παθήσεις - επιπλοκές;6690.0;2
Υ02Μ;Επέμβαση τοποθέτησης εισαγωγής καθετήρα περιτοναϊκής κάθαρσης με καταστροφικές ή σοβαρές συνυπάρχουσες παθήσεις – επιπλοκές;31110.0;10
Υ02Χ;Επέμβαση τοποθέτησης εισαγωγής καθετήρα περιτοναϊκής κάθαρσης χωρίς καταστροφικές ή σοβαρές συνυπάρχουσες παθήσεις – επιπλοκές;11890.0;2
Υ03Μα;Επεμβάσεις νεφρού, ουρητήρα και μεγάλες επεμβάσεις ουροδόχου κύστης για νεοπλασία με καταστροφικές συνυπάρχουσες παθήσεις – επιπλοκές;64310.0;15
Υ03Μβ;Επεμβάσεις νεφρού, ουρητήρα και μεγάλες επεμβάσεις ουροδόχου κύστης για νεοπλασία με σοβαρές συνυπάρχουσες παθήσεις – επιπλοκές;44260.0;9
Υ03Χ;Επεμβάσεις νεφρού, ουρητήρα και μεγάλες επεμβάσεις ουροδόχου κύστης για νεοπλασία χωρίς καταστροφικές ή σοβαρές συνυπάρχουσες παθήσεις – επιπλοκές;29920.0;5
Υ04Μ;Επεμβάσεις νεφρού, ουρητήρα και μεγάλες επεμβάσεις ουροδόχου κύστης για μη-νεοπλασία με καταστροφικές συνυπάρχουσες παθήσεις – επιπλοκές;43550.0;15
Υ04Χα;Επεμβάσεις νεφρού, ουρητήρα και μεγάλες επεμβάσεις ουροδόχου κύστης για μη-νεοπλασία με σοβαρές συνυπάρχουσες παθήσεις – επιπλοκές;23610.0;7
Υ04Χβ;Επεμβάσεις νεφρού, ουρητήρα και μεγάλες επεμβάσεις ουροδόχου κύστης για μη-νεοπλασία χωρίς καταστροφικές ή σοβαρές συνυπάρχουσες παθήσεις – επιπλοκές;16050.0;3
Υ05Μ;Διουρηθρική προστατεκτομή με καταστροφικές ή σοβαρές συνυπάρχουσες παθήσεις – επιπλοκές;28480.0;11
Υ05Χ;Διουρηθρική προστατεκτομή χωρίς καταστροφικές ή σοβαρές συνυπάρχουσες παθήσεις – επιπλοκές;10000.0;3
Υ06Μ;Μικρές επεμβάσεις Ουροδοχου κυστεως με καταστροφικές ή σοβαρές συνυπάρχουσες παθήσεις – επιπλοκές;23810.0;9
Υ06Χ;Μικρές επεμβάσεις Ουροδοχου κυστεως χωρίς  καταστροφικές ή σοβαρές συνυπάρχουσες παθήσεις – επιπλοκές;8080.0;2
Υ07Μ;Διουρηθρικές επεμβάσεις εκτός προστατεκτομικές με καταστροφικές ή σοβαρές συνυπάρχουσες παθήσεις – επιπλοκές;12180.0;5
Υ07Χ;Διουρηθρικές επεμβάσεις εκτός προστατεκτομικές χωρίς καταστροφικές ή σοβαρές συνυπάρχουσες παθήσεις – επιπλοκές;6800.0;1
Υ08Μ;Επεμβάσεις ουρήθρας με  συνυπάρχουσες παθήσεις – επιπλοκές;12710.0;5
Υ08Χ;Επεμβάσεις ουρήθρας χωρίς συνυπάρχουσες παθήσεις – επιπλοκές;6310.0;2
Υ09Μ;Άλλες επεμβάσεις για δυσλειτουργία νεφρού και ουροποιητικού συστήματος με καταστροφικές ή σοβαρές συνυπάρχουσες παθήσεις – επιπλοκές;47290.0;17
Υ09Χα;Άλλες επεμβάσεις για δυσλειτουργία νεφρού και ουροποιητικού συστήματος χωρίς καταστροφικές ή σοβαρές συνυπάρχουσες παθήσεις – επιπλοκές;19190.0;4
Υ09Χβ;Άλλες επεμβάσεις στα νεφρά και το ουροποιητικό σύστημα χωρίς καταστροφικές συνυπάρχουσες παθήσεις - επιπλοκές;10350.0;2
Υ20Α;Ουρηθροσκόπηση;7670.0;2
Υ22Α;Εξωσωματική λιθοτριψία για λίθους του ουροποιητικού;4820.0;1
Υ20Μα;Νεφρική ανεπάρκεια με  καταστροφικές συνυπάρχουσες παθήσεις – επιπλοκές;29340.0;12
Υ20Μβ;Νεφρική ανεπάρκεια με  σοβαρές συνυπάρχουσες παθήσεις – επιπλοκές;13000.0;6
Υ20Χ;Νεφρική ανεπάρκεια χωρίς καταστροφικές ή σοβαρές συνυπάρχουσες παθήσεις – επιπλοκές;5840.0;3
Υ21Α;Αιμοκάθαρση;1360.0;1
Υ22Μ;Νεοπλάσματα νεφρού και ουροποιητικού με καταστροφικές ή σοβαρές συνυπάρχουσες παθήσεις – επιπλοκές;14710.0;7
Υ22Χ;Νεοπλάσματα νεφρού και ουροποιητικού χωρίς καταστροφικές ή σοβαρές συνυπάρχουσες παθήσεις – επιπλοκές;5450.0;2
Υ23Μ;Λοιμώξεις νεφρού και ουροποιητικού με καταστροφικές ή σοβαρές συνυπάρχουσες παθήσεις – επιπλοκές;15640.0;8
Υ23Χ;Λοιμώξεις νεφρού και ουροποιητικού χωρίς καταστροφικές ή σοβαρές συνυπάρχουσες παθήσεις – επιπλοκές;5600.0;3
Υ24Α;Λιθίαση ουροποιητικού και απόφραξη;3890.0;2
Υ25Μ;Συμπτώματα και σημεία των νεφρών και του ουροποιητικού συστήματος με καταστροφικές ή σοβαρές συνυπάρχουσες παθήσεις - επιπλοκές;11280.0;6
Υ25Χ;Συμπτώματα και σημεία των νεφρών και του ουροποιητικού συστήματος χωρίς καταστροφικές ή σοβαρές συνυπάρχουσες παθήσεις - επιπλοκές;4050.0;2
Υ26Α;Στενώματα ουρήθρας;4400.0;2
Υ27Μ;Λοιπές διαγνώσεις των νεφρών και του ουροποιητικού συστήματος με καταστροφικές ή σοβαρές συνυπάρχουσες παθήσεις - επιπλοκές;16730.0;7
Υ27Χ;Λοιπές διαγνώσεις των νεφρών και του ουροποιητικού συστήματος χωρίς καταστροφικές ή σοβαρές συνυπάρχουσες παθήσεις - επιπλοκές;3580.0;2
Υ28Α;Περιτοναϊκή κάθαρση;2960.0;1
Β01Μ;Μείζονες ανδρικές πυελικές επεμβάσεις με καταστροφικές ή σοβαρές συνυπάρχουσες παθήσεις – επιπλοκές;35530.0;8
Β01Χ;Μείζονες ανδρικές πυελικές επεμβάσεις χωρίς  καταστροφικές ή σοβαρές συνυπάρχουσες παθήσεις – επιπλοκές;28920.0;4
Β02Μ;Διουρηθρική προστατεκτομή με καταστροφικές ή σοβαρές συνυπάρχουσες επιπλοκές;17190.0;7
Β02Χ;Διουρηθρική προστατεκτομή χωρίς καταστροφικές ή σοβαρές συνυπάρχουσες επιπλοκές;10070.0;3
Β03Α;Επεμβάσεις Πέους;7710.0;2
Β04Α;Επεμβάσεις όρχεων;6520.0;1
Β05Α;Περιτομή;4580.0;1
Β06Μ;Λοιπές χειρουργικές επεμβάσεις αντρικού αναπαραγωγικού συστήματος με καταστροφικές συνυπάρχουσες παθήσεις - επιπλοκές;19300.0;6
Β06Χ;Λοιπές χειρουργικές επεμβάσεις αντρικού αναπαραγωγικού συστήματος χωρίς καταστροφικές συνυπάρχουσες παθήσεις - επιπλοκές;16590.0;2
Β10Α;Κυστεοσκόπηση, την ίδια ημέρα;2200.0;1
Β20Μ;Κακοήθεια του αντρικού αναπαραγωγικού συστήματος με καταστροφικές ή σοβαρές συνυπάρχουσες παθήσεις - επιπλοκές;13230.0;7
Β20Χ;Κακοήθεια του αντρικού αναπαραγωγικού συστήματος χωρίς καταστροφικές ή σοβαρές συνυπάρχουσες παθήσεις - επιπλοκές;4130.0;2
Β21Α;Καλοήθης υπερτροφία προστάτη;4590.0;2
Β22Α;Φλεγμονή του αντρικού αναπαραγωγικού συστήματος;5450.0;3
Β23Α;Αντρική στείρωση;3160.0;1
Β24Α;Άλλη διάγνωση αντρικού αναπαραγωγικού συστήματος;2960.0;1
Γ01Α;Πυελική εξπλάχνιση και ριζική βουλβεκτομή;29640.0;8
Γ04Μ;Υστερεκτομή για μη κακοήθεια με καταστροφικές ή σοβαρές συνυπάρχουσες παθήσεις - επιπλοκές;20620.0;5
Γ04Χ;Υστερεκτομή για μη κακοήθεια χωρίς καταστροφικές ή σοβαρές συνυπάρχουσες παθήσεις - επιπλοκές;15250.0;3
Γ05Μ;Χειρουργική αφαίρεση ωοθηκών και σαλπίγγων για μη κακοήθεια με καταστροφικές ή σοβαρές συνυπάρχουσες παθήσεις - επιπλοκές;21470.0;6
Γ05Χ;Χειρουργική αφαίρεση ωοθηκών και σαλπίγγων για μη κακοήθεια χωρίς καταστροφικές ή σοβαρές συνυπάρχουσες παθήσεις - επιπλοκές;13740.0;2
Γ06Μ;Επανορθωτική επέμβαση γυναικείου αναπαραγωγικού συστήματος με καταστροφικές ή σοβαρές συνυπάρχουσες παθήσεις - επιπλοκές;16490.0;4
Γ06Χ;Επανορθωτική επέμβαση γυναικείου αναπαραγωγικού συστήματος χωρίς καταστροφικές ή σοβαρές συνυπάρχουσες παθήσεις - επιπλοκές;12640.0;2
Γ07Α;Λοιπές επεμβάσεις μήτρας και εξαρτημάτων για μη κακοήθεια;7420.0;1
Γ08Α;Ενδοσκοπικές και λαπαροσκοπικές Επεμβάσεις στο γυναικείο αναπαραγωγικό σύστημα;7190.0;1
Γ09Α;Επεμβάσεις αΐδιου, τραχήλου και κόλπου;4180.0;2
Γ10Α;Διαγνωστική υστεροσκόπηση απόξεση;4250.0;1
Γ11Α;Άλλες επεμβάσεις στο γυναικείο αναπαραγωγικό σύστημα;7290.0;3
Γ12Μ;Επέμβαση για κακοήθεια μήτρας και δευτερευόντων οργάνων με καταστροφικές συνυπάρχουσες παθήσεις - επιπλοκές;35760.0;9
Γ12Χ;Επέμβαση για κακοήθεια μήτρας και δευτερευόντων οργάνων χωρίς καταστροφικές συνυπάρχουσες παθήσεις - επιπλοκές;19630.0;4
Γ20Μ;Κακοήθεια γυναικείου αναπαραγωγικού συστήματος με καταστροφικές συνυπάρχουσες παθήσεις - επιπλοκές;19690.0;9
Γ20Χ;Κακοήθεια γυναικείου αναπαραγωγικού συστήματος χωρίς καταστροφικές συνυπάρχουσες παθήσεις - επιπλοκές;7550.0;3
Γ21Α;Λοιμώξεις του γυναικείου αναπαραγωγικού συστήματος;4750.0;2
Γ22Α;Διαταραχές εμμήνου ρύσεως και άλλες διαταραχές του γυναικείου αναπαραγωγικού συστήματος;2570.0;1
Λ01Μ;Τοκετός με καισαρική τομή με καταστροφικές ή σοβαρές συνυπάρχουσες παθήσεις - επιπλοκές;21710.0;7
Λ01Χ;Τοκετός με καισαρική τομή χωρίς καταστροφικές ή σοβαρές συνυπάρχουσες παθήσεις - επιπλοκές;15410.0;4
Λ02Μ;Κολπικός τοκετός με παρέμβαση στο χειρουργείο με καταστροφικές ή σοβαρές συνυπάρχουσες παθήσεις - επιπλοκές;17430.0;4
Λ02Χ;Κολπικός τοκετός με επέμβαση στο χειρουργείο χωρίς καταστροφικές ή σοβαρές συνυπάρχουσες παθήσεις - επιπλοκές;11750.0;3
Λ03Μ;Έκτοπη κύηση με καταστροφικές συνυπάρχουσες παθήσεις - επιπλοκές;12490.0;3
Λ03Χ;Έκτοπη κύηση χωρίς καταστροφικές συνυπάρχουσες παθήσεις - επιπλοκές;8860.0;2
Λ04Μ;Επέμβαση στο χειρουργείο μετά τον τοκετό ή μετά την άμβλωση  με καταστροφικές ή σοβαρές συνυπάρχουσες παθήσεις - επιπλοκές;18070.0;5
Λ04Χ;Επέμβαση σο χειρουργείο μετά τον τοκετό ή μετά την άμβλωση  χωρίς καταστροφικές ή σοβαρές συνυπάρχουσες παθήσεις - επιπλοκές;5710.0;2
Λ05Α;Άμβλωση με χειρουργική επέμβαση;3340.0;1
Λ20Α;Κολπικός τοκετός;8720.0;3
Λ21Α;Μετά τοκετός άμβλωση χωρίς χειρουργική επέμβαση;4200.0;2
Λ23Α;Άμβλωση χωρίς επέμβαση στο χειρουργείο;2650.0;1
Λ24Α;Αποβολή;2880.0;2
Λ26Α;Προγεννητική και άλλη μαιευτική εισαγωγή;2570.0;2
Τ01Α;Νεογνά που κατέληξαν ή διακομίστηκαν σε <5 ημέρες από την εισαγωγή με σημαντικές χειρουργικές επεμβάσεις;13810.0;1
Τ02Α;Καρδιοθωρακική / αγγειοχειρουργική επέμβαση σε νεογνά;202790.0;23
Τ03Α;Σημαντική χειρουργική επέμβαση σε νεογνά με βάρος εισαγωγής 1000-1499 gr;168460.0;48
Τ04Α;Σημαντική χειρουργική επέμβαση σε νεογνά με βάρος εισαγωγής 1500 1999 gr;119970.0;34
Τ05Α;Σημαντική χειρουργική επέμβαση σε νεογνά με βάρος εισαγωγής 2000-2499 gr;103570.0;27
Τ06Μ;Σημαντική χειρουργική επέμβαση σε νεογνά με βάρος εισαγωγής >2499  gr με πολλαπλά σοβαρά προβλήματα;151280.0;30
Τ06Χ;Σημαντική χειρουργική επέμβαση σε νεογνά με βάρος εισαγωγής >2499  gr χωρίς πολλαπλά σοβαρά προβλήματα;50620.0;13
Τ20Μ;Νεογνά που κατέληξαν ή διακομίστηκαν σε <5 ημέρες από την εισαγωγή χωρίς σημαντική χειρουργική επέμβαση, νεογέννητα;2440.0;2
Τ20Χ;Νεογνά που κατέληξαν ή διακομίστηκαν σε <5 ημέρες από την εισαγωγή χωρίς σημαντική χειρουργική επέμβαση εκτός νεογέννητων;5120.0;2
Τ21Α;Νεογνά με βάρος εισαγωγής <750 gr;415790.0;73
Τ22Α;Νεογνά με βάρος εισαγωγής 750-999 gr;307250.0;65
Τ23Α;Νεογνά με βάρος εισαγωγής 1000-1249 gr χωρίς σημαντική χειρουργική επέμβαση;73590.0;25
Τ24Α;Νεογνά με βάρος εισαγωγής 1250 -1499 gr χωρίς σημαντική  χειρουργική επέμβαση;58180.0;26
Τ25Μα;Νεογνά με βάρος εισαγωγής 1500 - 1999 gr χωρίς σημαντική  χειρουργική επέμβαση με πολλαπλά μείζονα προβλήματα;58720.0;24
Τ25Μβ;Νεογνά με βάρος εισαγωγής 1500 - 1999 gr χωρίς σημαντική χειρουργική επέμβαση με σημαντικά προβλήματα;41450.0;20
Τ25Μγ;Νεογνά με βάρος εισαγωγής 1500 - 1999 gr χωρίς σημαντική χειρουργική επέμβαση με άλλα προβλήματα;31580.0;18
Τ25Χ;Νεογνά με βάρος εισαγωγής 1500 - 1999 gr χωρίς σημαντική  χειρουργική επέμβαση χωρίς προβλήματα;26460.0;15
Τ26Μα;Νεογνά με βάρος εισαγωγής 2000 - 2499  gr χωρίς σημαντική χειρουργική επέμβαση με πολλαπλά προβλήματα;37190.0;15
Τ26Μβ;Νεογνά με βάρος εισαγωγής 2000 - 2499  gr χωρίς σημαντική χειρουργική επέμβαση σημαντικά προβλήματα;23460.0;12
Τ26Μγ;Νεογνά με βάρος εισαγωγής 2000 - 2499  gr χωρίς σημαντική χειρουργική επέμβαση με λοιπά προβλήματα;16440.0;11
Τ26Χ;Νεογνά με βάρος εισαγωγής 2000 - 2499  gr χωρίς σημαντική χειρουργική επέμβαση χωρίς προβλήματα;7160.0;5
Τ27Μα;Νεογνά με βάρος εισαγωγής  >2499  gr χωρίς σημαντική χειρουργική επέμβαση πολλαπλά μείζονα προβλήματα;30760.0;12
Τ27Μβ;Νεογνά με βάρος εισαγωγής >2499  gr χωρίς σημαντική χειρουργική επέμβαση σημαντικά προβλήματα;12940.0;7
Τ27Μγ;Νεογνά με βάρος εισαγωγής >2499  gr χωρίς σημαντική χειρουργική επέμβαση λοιπά προβλήματα;9180.0;5
Τ27Χ;Νεογνά με βάρος εισαγωγής >2499  gr χωρίς σημαντική χειρουργική επέμβαση χωρίς προβλήματα;4280.0;3
Ξ01Α;Σπληνεκτομή;34760.0;7
Ξ02Μ;Λοιπές χειρουργικές επεμβάσεις αίματος και αιμοποιητικών οργάνων με καταστροφικές ή σοβαρές συνυπάρχουσες παθήσεις - επιπλοκές;46550.0;13
Ξ02Χ;Λοιπές χειρουργικές επεμβάσεις αίματος και αιμοποιητικών οργάνων χωρίς καταστροφικές ή σοβαρές συνυπάρχουσες παθήσεις - επιπλοκές;7810.0;2
Ξ20Μ;Δυσλειτουργίες δικτυοενδοθηλιακού και ανοσοποιητικού με καταστροφικές ή σοβαρές συνυπάρχουσες παθήσεις - επιπλοκές;19450.0;7
Ξ20Χα;Δυσλειτουργίες δικτυοενδοθηλιακού και ανοσοποιητικού χωρίς καταστροφικές ή σοβαρές συνυπάρχουσες παθήσεις - επιπλοκές με κακοήθεια;7860.0;3
Ξ20Χβ;Δυσλειτουργίες δικτυοενδοθηλιακού και ανοσοποιητικού χωρίς καταστροφικές ή σοβαρές συνυπάρχουσες παθήσεις - επιπλοκές χωρίς κακοήθεια;2570.0;1
Ξ21Μ;Δυσλειτουργίες  ερυθρόκυττάρων με καταστροφικές ή σοβαρές συνυπάρχουσες παθήσεις - επιπλοκές;11360.0;6
Ξ21Χ;Δυσλειτουργίες ερυθρόκυττάρων χωρίς καταστροφικές ή σοβαρές συνυπάρχουσες παθήσεις - επιπλοκές;3150.0;1
Ξ22Α;Διαταραχές πήξεως αίματος;5140.0;3
Σ01Μ;Λέμφωμα και λευχαιμία με μείζονες χειρουργικες΄επεμβάσεις με καταστροφικές ή σοβαρές συνυπάρχουσες παθήσεις - επιπλοκές;85580.0;23
Σ01Χ;Λέμφωμα και λευχαιμία με μείζονες χειρουργικές Επεμβάσεις χωρίς καταστροφικές ή σοβαρές συνυπάρχουσες παθήσεις - επιπλοκές;22360.0;6
Σ02Μ;Άλλες νεοπλαστικές δυσλειτουργίες με μείζονες χειρουργικές επεμβάσεις με καταστροφικές συνυπάρχουσες παθήσεις - επιπλοκές;57770.0;18
Σ02Χα;Άλλες νεοπλαστικές δυσλειτουργίες με μείζονες χειρουργικές επεμβάσεις με σοβαρές ή μεσαίου μεγέθους συνυπάρχουσες παθήσεις - επιπλοκές;31090.0;8
Σ02Χβ;Άλλες νεοπλαστικές δυσλειτουργίες με μείζονες χειρουργικές επεμβάσεις χωρίς συνυπάρχουσες παθήσεις - επιπλοκές;20560.0;5
Σ03Μ;Λέμφωμα και λευχαιμία με άλλες χειρουργικές επεμβάσεις με μείζονες χειρουργικές επεμβάσεις με καταστροφικές ή σοβαρές συνυπάρχουσες παθήσεις - επιπλοκές;60970.0;20
Σ03Χ;Λέμφωμα και λευχαιμία με άλλες χειρουργικές επεμβάσεις χωρίς καταστροφικές ή σοβαρές συνυπάρχουσες παθήσεις - επιπλοκές;10990.0;3
Σ04Μ;Λοιπές νεοπλαστικές διαταραχές με χειρουργικές επεμβάσεις με συνυπάρχουσες παθήσεις - επιπλοκές;16940.0;7
Σ04Χ;Λοιπές νεοπλαστικές διαταραχές με χειρουργικές επεμβάσεις χωρίς συνυπάρχουσες παθήσεις - επιπλοκές;9660.0;2
Σ20Μ;Οξεία λευχαιμία με καταστροφικές συνυπάρχουσες παθήσεις - επιπλοκές;74350.0;17
Σ20Χ;Οξεία λευχαιμία χωρίς καταστροφικές συνυπάρχουσες παθήσεις - επιπλοκές;9880.0;3
Σ21Μ;Λέμφωμα και μη-οξεία λευχαιμία με καταστροφικές συνυπάρχουσες παθήσεις - επιπλοκές;37820.0;14
Σ21Χ;Λέμφωμα και μη-οξεία λευχαιμία χωρίς καταστροφικές συνυπάρχουσες παθήσεις - επιπλοκές;18860.0;5
Σ21Α;Λέμφωμα και μη-οξεία λευχαιμία, την ίδια ημέρα;2940.0;1
Σ22Μ;Λοιπές νεοπλαστικές παθήσεις με συνυπάρχουσες παθήσεις - επιπλοκές;12530.0;6
Σ22Χ;Λοιπές νεοπλαστικές παθήσεις χωρίς συνυπάρχουσες παθήσεις - επιπλοκές;6380.0;2
Ρ01Α;Σύνδρομο επίκτητης ανοσολογικής ανεπάρκειας (HIV), ίδια μέρα;4430.0;1
Ρ05Μα;Ασθένειες σχετιζόμενες με το HIV με καταστροφικές  συνυπάρχουσες παθήσεις - επιπλοκές;81100.0;20
Ρ05Μβ;Ασθένειες σχετιζόμενες με το HIV με σοβαρές συνυπάρχουσες παθήσεις - επιπλοκές;30500.0;9
Ρ05Χ;Ασθένειες σχετιζόμενες με το HIV χωρίς καταστροφικές ή σοβαρές  συνυπάρχουσες παθήσεις - επιπλοκές;21400.0;6
Ρ10Μα;Επεμβάσεις για λοιμώδεις και παρασιτικές ασθένειες με καταστροφικές συνυπάρχουσες παθήσεις - επιπλοκές;71180.0;24
Ρ10Μβ;Επεμβάσεις για λοιμώδεις και παρασιτικές ασθένειες με σοβαρές ή μεσαίου μεγέθους συνυπάρχουσες παθήσεις - επιπλοκές;26880.0;12
Ρ10Χ;Επεμβάσεις για λοιμώδεις και παρασιτικές ασθένειες χωρίς συνυπάρχουσες παθήσεις - επιπλοκές;14730.0;7
Ρ20Α;Λοιμώδεις και παρασιτικές ασθενείς  με μηχανική υποστήριξη αναπνοής;60230.0;11
Ρ20Μ;Σηψαιμία με καταστροφικές συνυπάρχουσες παθήσεις - επιπλοκές;25140.0;11
Ρ20Χ;Σηψαιμία χωρίς καταστροφικές συνυπάρχουσες παθήσεις - επιπλοκές;12610.0;6
Ρ21Μ;Μετεγχειρητικές και μετεπεμβατικές λοιμώξεις με καταστροφικές ή σοβαρές συνυπάρχουσες παθήσεις - επιπλοκές;15560.0;8
Ρ21Χ;Μετεγχειρητικές και μετεπεμβατικές λοιμώξεις χωρίς καταστροφικές ή σοβαρές συνυπάρχουσες παθήσεις - επιπλοκές;7780.0;4
Ρ22Μ;Εμπύρετο αγνώστου προελεύσεως με  συνυπάρχουσες παθήσεις – επιπλοκές;11050.0;5
Ρ22Χ;Εμπύρετο αγνώστου προελεύσεως χωρίς συνυπάρχουσες παθήσεις – επιπλοκές;4440.0;2
Ρ23Α;Ιογενής λοιμώξεις;4280.0;2
Ρ24Μα;Λοιπές λοιμώξεις και παρασιτικά νοσήματα με  καταστροφικές συνυπάρχουσες παθήσεις – επιπλοκές;37730.0;14
Ρ24Μβ;Λοιπές λοιμώξεις και παρασιτικά νοσήματα με  μέτριου βαθμού συνυπάρχουσες παθήσεις – επιπλοκές;14010.0;6
Ρ24Χ;Λοιπές λοιμώξεις και παρασιτικά νοσήματα χωρίς συνυπάρχουσες παθήσεις – επιπλοκές;6230.0;3
Χ20Α;Θεραπεία διανοητικών διαταραχών με ηλεκτροσπασμοθεραπεία, ιδια μερα;1480.0;1
Χ40Α;Θεραπεία διανοητικών διαταραχών χωρίς ηλεκτροσπασμοθεραπεία, ιδια μερα;1400.0;1
Χ41Α;Σχιζοφρένεια;30660.0;21
Χ42Μ;Παράνοια και οξεία ψυχωτική διαταραχή με  καταστροφικές ή σοβαρές συνυπάρχουσες παθήσεις – επιπλοκές ή με νομικό καθεστώς ψυχικής υγείας;32680.0;15
Χ42Χ;Παράνοια και οξεία ψυχωτική διαταραχή με  καταστροφικές ή σοβαρές συνυπάρχουσες παθήσεις – επιπλοκές ή χωρίς νομικό καθεστώς ψυχικής υγείας;13310.0;8
Χ43Α;Μείζονες συναισθηματικές διαταραχές;25680.0;14
Χ44Α;Άλλες συναισθηματικές διαταραχές και διαταραχές μετατροπής;11520.0;7
Χ45Α;Αγχώδεις διαταραχές;9650.0;4
Χ46Α;Ψυχαναγκαστικές διαταραχές και διαταραχές διατροφής;41710.0;20
Χ47Α;Διαταραχή προσωπικότητας και οξείες αντιδράσεις;12140.0;6
Χ48Α;Διανοητικές δυσλειτουργίες παιδικής ηλικίας;32610.0;10
Ι20Α;Αλκοολική δηλητηρίαση και σύνδρομο στέρησης;3660.0;2
Ι21Α;Δηλητηρίαση-τοξικότητα από χρήση ναρκωτικών και σύνδρομο στέρησης;10890.0;5
Ι22Μ;Δυσλειτουργία από χρήση αλκοόλ και εξάρτηση;9100.0;6
Ι22Χ;Δυσλειτουργία από χρήση αλκοόλ και εξάρτηση, της ίδιας μέρας;3660.0;1
Ι23Α;Δυσλειτουργία από χρήση απιοειδών και εξάρτηση;5760.0;5
Ι24Α;Δυσλειτουργία από χρήση άλλων ναρκωτικών και εξάρτηση;5990.0;4
Φ01Α;Μηχανικός αερισμός αναπνοής ή κρανιακές επεμβάσεις για πολλαπλά μείζονα τραύματα;122040.0;21
Φ02Μ;Επεμβάσεις ισχίου, μηριαίου και άκρων για πολλαπλά μείζονα τραύματα, συμπεριλαμβανομένης εμφύτευσης  με καταστροφικές σοβαρές συνυπάρχουσες παθήσεις - επιπλοκές;94260.0;22
Φ02Χ;Επεμβάσεις ισχίου, μηριαίου και άκρων για πολλαπλά μείζονα τραύματα, συμπεριλαμβανομένης εμφύτευσης χωρίς καταστροφικές σοβαρές συνυπάρχουσες παθήσεις - επιπλοκές;84120.0;15
Φ03Α;Επεμβάσεις κοιλιακής χώρας για πολλαπλά μείζονα τραύματα;53860.0;13
Φ04Μ;Λοιπές χειρουργικές επεμβάσεις για πολλαπλό τραύμα με  καταστροφικές ή σοβαρές συνυπάρχουσες παθήσεις - επιπλοκές;87980.0;22
Φ04Χ;Λοιπές χειρουργικές επεμβάσεις για πολλαπλό τραύμα χωρίς  καταστροφικές ή σοβαρές συνυπάρχουσες παθήσεις - επιπλοκές;55580.0;11
Φ10Α;Πολυτραυματίας, νεκρός ή διακομισθής σε άλλη μονάδα θεραπείας κάτω από 5 ημέρες;14720.0;1
Φ11Μ;Πολυτραυματίας χωρίς σημαντικές επεμβάσεις με  καταστροφικές ή σοβαρές συνυπάρχουσες παθήσεις – επιπλοκές;36570.0;15
Φ11Χ;Πολυτραυματίας χωρίς σημαντικές επεμβάσεις και χωρίς  καταστροφικές ή σοβαρές συνυπάρχουσες παθήσεις – επιπλοκές;18830.0;7
Φ22Μ;Μικροχειρουργική μεταφορά ιστών ή δερματικό μόσχευμα με καταστροφικές ή σοβαρές συνυπάρχουσες παθήσεις- επιπλοκές για τραυματισμούς  άκρας χειρός;23570.0;5
Φ22Χ;Δερματικό μόσχευμα για τραύματα του χεριού χωρίς καταστροφικές ή σοβαρές συνυπάρχουσες παθήσεις - επιπλοκές;8270.0;2
Φ24Μ;Λοιπές επεμβάσεις για τραύματα κάτω άκρων με καταστροφικές ή σοβαρές συνυπάρχουσες παθήσεις - επιπλοκές;27850.0;11
Φ24Χ;Λοιπές  επεμβάσεις για τραύματα κάτω άκρων χωρίς καταστροφικές ή σοβαρές συνυπάρχουσες παθήσεις - επιπλοκές;9340.0;2
Φ25Μ;Άλλες επεμβάσεις για τραύματα χεριών με καταστροφικές ή σοβαρές συνυπάρχουσες παθήσεις ή επιπλοκές;12560.0;4
Φ25Χ;Άλλες επεμβάσεις για τραύματα χεριών χωρίς καταστροφικές ή σοβαρές συνυπάρχουσες παθήσεις - επιπλοκές;7000.0;1
Φ26Μ;Άλλες επεμβάσεις για άλλους τραυματισμούς με καταστροφικές ή σοβαρές συνυπάρχουσες παθήσεις - επιπλοκές;24600.0;9
Φ26Χ;Άλλες επεμβάσεις για άλλους τραυματισμούς χωρίς καταστροφικές ή σοβαρές συνυπάρχουσες παθήσεις - επιπλοκές;8280.0;2
Φ27Μ;Δερματικό μόσχευμα για τραυματισμούς εκτός από μικροχειρουργική μεταφορά ιστών χεριού με καταστροφικές ή σοβαρές συνυπάρχουσες παθήσεις - επιπλοκές;36310.0;17
Φ27Χ;Δερματικό μόσχευμα για τραυματισμούς εκτός από μικροχειρουργική μεταφορά ιστών χεριού χωρίς καταστροφικές ή σοβαρές συνυπάρχουσες παθήσεις - επιπλοκές;14790.0;6
Φ40Α;Τραύματα, δηλητηριάσεις και τοξικές επιδράσεις από φάρμακα με μηχανική υποστήριξη αναπνοής;36490.0;7
Φ60Μ;Τραύματα με  καταστροφικές ή σοβαρές συνυπάρχουσες παθήσεις – επιπλοκές;11440.0;7
Φ60Χ;Τραύματα χωρίς καταστροφικές ή σοβαρές συνυπάρχουσες παθήσεις – επιπλοκές;2880.0;2
Φ61Α;Αλλεργικές αντιδράσεις;2800.0;1
Φ62Μ;Δηλητηριάσεις, τοξικές επιδράσεις φαρμάκων και άλλων ουσιών με  καταστροφικές ή σοβαρές συνυπάρχουσες παθήσεις – επιπλοκές;11830.0;4
Φ62Χ;Δηλητηριάσεις, τοξικές επιδράσεις φαρμάκων και άλλων ουσιών χωρίς καταστροφικές ή σοβαρές συνυπάρχουσες παθήσεις – επιπλοκές;3740.0;2
Φ63Μ;Δευτερογενείς επιπλοκές  θεραπείας με  καταστροφικές ή σοβαρές συνυπάρχουσες παθήσεις – επιπλοκές;12450.0;6
Φ63Χ;Δευτερογενείς επιπλοκές  θεραπείας χωρίς καταστροφικές ή σοβαρές συνυπάρχουσες παθήσεις – επιπλοκές;5060.0;3
Φ64Μ;Άλλες διαγνώσεις τραυματισμού, δηλητηρίασης και τοξικής επίδρασης με  καταστροφικές ή σοβαρές συνυπάρχουσες παθήσεις – επιπλοκές;11590.0;5
Φ64Χ;Άλλες διαγνώσεις τραυματισμού, δηλητηρίασης και τοξικής επίδρασης χωρίς καταστροφικές ή σοβαρές συνυπάρχουσες παθήσεις – επιπλοκές;3030.0;1
Ζ01Α;Μηχανική υποστήριξη αναπνοής για εγκαυματίες και σοβαρά ολικού πάχους εγκαύματα;360680.0;38
Ζ02Μ;Λοιπά εγκαύματα και δερματικά μοσχεύματα με συνυπάρχουσες παθήσεις-επιπλοκές;72250.0;18
Ζ02Χ;Λοιπά εγκαύματα και δερματικά μοσχεύματα χωρίς συνυπάρχουσες παθήσεις-επιπλοκές;29790.0;6
Ζ03Α;Λοιπές επεμβάσεις στο χειρουργείο για εγκαύματα;23120.0;5
Ζ20Α;Εγκαύματα που διακομίστηκαν σε άλλη μονάδα < 5 ημέρες;2410.0;1
Ζ21Α;Σοβαρά εγκαύματα;8480.0;4
Ζ22Μ;Άλλα εγκαύματα με  συνυπάρχουσες παθήσεις – επιπλοκές;11670.0;6
Ζ22Χ;Άλλα εγκαύματα χωρίς  συνυπάρχουσες παθήσεις – επιπλοκές;3970.0;2
S01Μ;Χειρουργικές επεμβάσεις για διαγνώσεις που σχετίζονται με άλλη χρήση υπηρεσιών υγείας με σοβαρές ή καταστροφικές συνυπάρχουσες παθήσεις-επιπλοκές;24130.0;6
S01Χ;Χειρουργικές επεμβάσεις για διαγνώσεις που σχετίζονται με άλλη χρήση υπηρεσιών υγείας χωρίς σοβαρές ή καταστροφικές συνυπάρχουσες παθήσεις-επιπλοκές;13340.0;1
S01Α;Ενδοσκοπήσεις για διάγνωση για άλλη χρήση υπηρεσιών υγείας, ίδια ημέρα;5400.0;1
S20Μ;Αποκατάσταση με  καταστροφικές συνυπάρχουσες παθήσεις – επιπλοκές;27160.0;20
S20Χ;Αποκατάσταση χωρίς  καταστροφικές συνυπάρχουσες παθήσεις – επιπλοκές;17590.0;19
S20Α;Αποκατάσταση, της ίδιας ημέρας;9340.0;1
S21Μ;Σημεία και συμπτώματα;8870.0;5
S21Χ;Σημεία και συμπτώματα, της ίδιας ημέρας;2320.0;1
S23Μ;Follow up για χειρουργικές και ιατρικές υπηρεσίες και φροντίδα με καταστροφικές συνυπάρχουσες παθήσεις-επιπλοκές;20390.0;14
S23Χ;Follow up για χειρουργικές και ιατρικές υπηρεσίες και φροντίδα χωρίς καταστροφικές συνυπάρχουσες παθήσεις-επιπλοκές;8480.0;6
S24Μ;Λοιποί παράγοντες επηρεασμού της κατάστασης της υγείας;7700.0;4
S24Χ;Λοιποί παράγοντες επηρεασμού της κατάστασης της υγείας, την ίδια ημέρα;2160.0;1
S25Α;Συγγενείς ανωμαλίες και προβλήματα από την νεογνική περίοδο;10820.0;4
G01Μα;Χειρουργικές επεμβάσεις που δεν σχετίζονται με κάποια κύρια διάγνωση με καταστροφικές συνυπάρχουσες παθήσεις-επιπλοκές;57090.0;22
G01Μβ;Χειρουργικές επεμβάσεις που δεν σχετίζονται με κάποια κύρια διάγνωση με σοβαρής βαρύτητας συνυπάρχουσες παθήσεις-επιπλοκές;35730.0;9
G01Χ;Χειρουργικές επεμβάσεις που δεν σχετίζονται με κάποια κύρια διάγνωση χωρίς συνυπάρχουσες παθήσεις-επιπλοκές;21820.0;3
W10Α;Μη εφικτό να ταξινομηθούν, μικρής βαρύτητας;20140.0;3
W11Α;Μη αποδεκτή κύρια διάγνωση, μικρής βαρύτητας;9910.0;2
W13Α;Διάγνωση για νεογνά, που δεν είναι συμβατή με την ηλικία/βάρος, μικρής βαρύτητας;6850.0;2
