AMKA;email
11015032143;lhandrok0@desdev.cn
11015073624;rwantling1@noaa.gov
11015074295;tbatterson2@mediafire.com
11015080947;ttresise3@craigslist.org
11015055957;wjobe4@phoca.cz
11015007359;bstoppard5@ebay.com
11015037317;mannis6@instagram.com
11015001337;cwapple7@histats.com
11015003022;jgaitley8@umich.edu
11015090696;rdisbrow9@nba.com
11015050998;rgallatlya@goo.ne.jp
11015097886;aenglandb@vk.com
11015038469;rabsolonc@princeton.edu
11015072803;sdrewcliftond@marketwatch.com
11015079227;pbirwhistlee@moonfruit.com
11015002336;ocotherillf@opensource.org
11015078843;ggrissettg@google.nl
11015012227;khuxterh@archive.org
11015099063;gmcroryi@surveymonkey.com
11015008777;hvassallj@spotify.com
11015087307;ofickk@arstechnica.com
11015018604;rjaanl@linkedin.com
11015093229;fpostgatem@ihg.com
11015077103;cspringthorpen@gravatar.com
11015034828;lgevero@ning.com
11015076159;gbishellp@ask.com
11015096645;imurrellq@purevolume.com
11015014127;laartsenr@t-online.de
11015066473;cslights@msn.com
11015061156;lweymontt@dot.gov
11015026999;scastilleu@g.co
11015094727;kkleinbererv@rediff.com
11015051979;gesparzaw@nsw.gov.au
11015041650;zbilboroughx@usda.gov
11015092541;kmoodycliffey@buzzfeed.com
11015026221;sromaz@independent.co.uk
11015050587;dmulchrone10@intel.com
11015051194;mgarrud11@wufoo.com
11015035499;smccumskay12@purevolume.com
11015038780;lciraldo13@shutterfly.com
11015038307;jcastellino14@earthlink.net
11015093390;mstobo15@vistaprint.com
11015074357;pthrasher16@weather.com
11015059551;kmatches17@ameblo.jp
11015087931;zfrancecione18@slashdot.org
11015069871;bmcclelland19@typepad.com
11015054930;gquemby1a@netvibes.com
11015071902;oriches1b@oracle.com
11015041990;dalcorn1c@surveymonkey.com
11015052923;fizat1d@skype.com
11015022813;mgashion1e@360.cn
11015030145;ljarrett1f@youtube.com
11015071644;melvidge1g@amazonaws.com
11015003086;rbolliver1h@opensource.org
11015044951;ptessier1i@walmart.com
11015091203;slemmens1j@amazon.co.jp
11015058240;epideon1k@si.edu
11015015028;wbuttner1l@mit.edu
11015004799;dmaus1m@utexas.edu
11015021985;cdraper1n@devhub.com
11015074151;sgreveson1o@github.io
11015047725;frichardes1p@disqus.com
11015084328;nfeatenby1q@fotki.com
11015052371;cmarquess1r@adobe.com
11015076952;cblowing1s@buzzfeed.com
11015075524;mharradine1t@blogs.com
11015066455;cszanto1u@cloudflare.com
11015005752;cgeraldez1v@example.com
11015087637;znind1w@moonfruit.com
11015064821;kqusklay1x@usnews.com
11015038487;amingey1y@dropbox.com
11015004762;rmorrilly1z@noaa.gov
11015021217;kmatusson20@example.com
11015049983;talsop21@ebay.com
11015065571;jreap22@acquirethisname.com
11015096226;mloads23@answers.com
11015076514;hjeffcoat24@redcross.org
11015009749;yjerdein25@cdc.gov
11015028014;obrende26@theglobeandmail.com
11015097001;gheddan27@networksolutions.com
11015086610;mmcallester28@fotki.com
11015098983;tstirrup29@youtu.be
11015043337;srowan2a@godaddy.com
11015037601;kivanishev2b@ibm.com
11015077951;krotchell2c@ocn.ne.jp
11015090865;wpartlett2d@japanpost.jp
11015008740;nrissom2e@gnu.org
11015030181;bhablot2f@answers.com
11015066384;ttyne2g@oaic.gov.au
11015071127;nsherville2h@usatoday.com
11015025311;mpetkovic2i@google.it
11015030831;strawin2j@naver.com
11015012325;ierswell2k@bbc.co.uk
11015047985;vmouat2l@gmpg.org
11015087316;mberi2m@bloglovin.com
11015016429;enegri2n@merriam-webster.com
11015020968;aconwell2o@blogtalkradio.com
11015054538;fhembery2p@fc2.com
11015084621;cjessel2q@studiopress.com
11015063270;szebedee2r@surveymonkey.com
11015047342;arosterne2s@state.gov
11015065624;jpostins2t@simplemachines.org
11015058632;qhaveline2u@yahoo.co.jp
11015024198;rfilmer2v@360.cn
11015015607;ntudbald2w@moonfruit.com
11015072046;asnowman2x@mac.com
11015025259;tcanadas2y@go.com
11015031411;wmccourt2z@meetup.com
11015057517;ldripp30@va.gov
11015077559;gsherborne31@ask.com
11015037399;apyner32@chron.com
11015005798;tbrimble33@4shared.com
11015054967;asnewin34@zimbio.com
11015019015;lwhorlow35@photobucket.com
11015056224;taireton36@ameblo.jp
11015052273;kphilippart37@state.tx.us
11015029905;jbrydone38@irs.gov
11015089421;mmcgarrahan39@telegraph.co.uk
11015083392;hfirpo3a@wikipedia.org
11015070805;iflexman3b@cocolog-nifty.com
11015069292;hcroney3c@java.com
99900000001;byearne3d@nydailynews.com
99900000002;mgittings3e@hostgator.com
11015073161;moven3f@histats.com
11015072732;jchittim3g@domainmarket.com
11015015206;bdibden3h@youtube.com
11015032054;bforten3i@google.com
11015003451;cprigmore3j@shop-pro.jp
11015007938;vpassey3k@wisc.edu
11015070182;amcauslene3l@virginia.edu
11015082758;mtyson3m@mysql.com
11015072126;ewitherington3n@usnews.com
11015067043;ehanington3o@reuters.com
11015032456;doxenford3p@answers.com
11015028853;jwaitland3q@wp.com
11015009847;dzannuto3r@nih.gov
11015063289;gcaird3s@gov.uk
11015078656;esaundercock3t@wikia.com
11015060219;acastiello3u@alexa.com
11015019596;jaylmore3v@sbwire.com
11015003610;mreddings3w@umn.edu
11015075409;agorcke3x@360.cn
11015040946;bdefrancisci3y@about.me
11015056171;rsnugg3z@feedburner.com
11015095209;mmackettrick40@sun.com
11015004165;alillegard41@ft.com
11015030092;lwickerson42@google.co.uk
11015016223;ksarfat43@columbia.edu
11015049778;adignon44@cbsnews.com
11015073045;gbreitler45@army.mil
11015092462;ohodgets46@naver.com
11015056000;kmillimoe47@chronoengine.com
11015072420;colivetti48@ifeng.com
11015083034;thinkensen49@hostgator.com
11015037200;gverbeek4a@msu.edu
11015074231;eillingworth4b@shinystat.com
11015092239;gheaselgrave4c@simplemachines.org
11015068774;asomerbell4d@vinaora.com
11015012548;ohedley4e@istockphoto.com
11015002595;mrossi4f@google.com.hk
11015046423;mtipper4g@alexa.com
11015085274;dbugbee4h@scribd.com
11015092006;mdesouza4i@over-blog.com
11015003576;celiet4j@friendfeed.com
11015023590;gclackers4k@creativecommons.org
11015054994;amogg4l@narod.ru
11015069746;oprince4m@cdc.gov
11015011488;jpeeters4n@yellowpages.com
11015080368;stomaszkiewicz4o@oracle.com
11015063751;tmaker4p@hibu.com
11015011013;amerrifield4q@plala.or.jp
11015095539;sgaskill4r@hao123.com
11015024786;ikernar4s@soundcloud.com
11015022458;dyetman4t@lulu.com
11015033188;vpotebury4u@aol.com
11015099991;jkite4v@arizona.edu
11015011825;astowte4w@devhub.com
11015010700;wtyrrell4x@stanford.edu
11015088752;ojarred4y@oaic.gov.au
11015076738;cyantsev4z@parallels.com
11015035872;ikrale50@sciencedirect.com
11015085746;bcalcut51@geocities.jp
11015029665;rcrucitti52@topsy.com
11015081795;dfroment53@plala.or.jp
11015007536;ksiggins54@elpais.com
11015095655;kjecock55@cbsnews.com
11015048804;jdevorill56@hugedomains.com
11015086326;ekarpushkin57@so-net.ne.jp
11015020423;binman58@linkedin.com
11015005351;cgrioli59@tripod.com
11015079851;nrosenblad5a@t.co
11015096155;cgreeson5b@msu.edu
11015001382;acruce5c@google.cn
11015076756;bruvel5d@blinklist.com
11015027658;mkinge5e@zdnet.com
11015016447;sguitel5f@auda.org.au
11015014289;fbazelle5g@state.tx.us
11015046272;jmountain5h@360.cn
11015040027;mjoseph5i@sogou.com
11015079815;lwheatcroft5j@amazon.de
11015020593;vmckinnell5k@google.com
11015017286;mbourgaize5l@reverbnation.com
11015071494;emckinna5m@ycombinator.com
11015007670;raughton5n@drupal.org
11015009598;tfearn5o@icq.com
11015007965;obastide5p@ft.com
11015097582;cbolger5q@nba.com
11015077871;hpennicard5r@mozilla.com
11015061245;cmcentee5s@washingtonpost.com
11015075695;cgenders5t@dyndns.org
11015037674;kblomfield5u@twitpic.com
11015090543;dtaffee5v@furl.net
11015001275;rmattys5w@google.co.jp
11015036871;parchdeacon5x@slideshare.net
11015071591;eszubert5y@google.ru
11015057679;fklaes5z@marketwatch.com
11015026953;bzemler60@google.co.jp
11015076266;tboldt61@hostgator.com
11015035694;epritchett62@time.com
11015003157;rcallister63@si.edu
11015042427;jsansom64@businessinsider.com
11015066730;rscarsbrooke65@rambler.ru
11015093808;daronin66@aol.com
11015015395;vgooden67@wikimedia.org
11015071993;npindell68@amazon.de
11015011442;agyrgorcewicx69@sciencedirect.com
11015059301;rlacy6a@etsy.com
11015003200;jstevens6b@opera.com
11015071485;sspires6c@gmpg.org
11015094200;tfredi6d@tripod.com
11015065483;lgiordano6e@springer.com
11015060139;bmcgeachy6f@shutterfly.com
11015015536;ebotcherby6g@berkeley.edu
11015046806;eshearmur6h@businessweek.com
11015077700;kreek6i@desdev.cn
11015023714;praincin6j@free.fr
11015096672;amccory6k@japanpost.jp
11015079432;zbrill6l@utexas.edu
11015048537;jvettore6m@marketwatch.com
11015080313;okilgallen6n@guardian.co.uk
11015099713;cfury6o@fotki.com
11015068907;ndyster6p@usgs.gov
11015032367;ledwinson6q@blogtalkradio.com
11015090703;lbrinkler6r@vkontakte.ru
11015054592;mmedmore6s@homestead.com
11015077158;dduncklee6t@canalblog.com
11015089948;fgenge6u@shareasale.com
11015003932;srives6v@sun.com
11015066543;bcorneil6w@amazonaws.com
11015027863;skobisch6x@oaic.gov.au
11015034819;bstratz6y@icio.us
11015033972;keakins6z@mashable.com
11015049634;mottee70@cdc.gov
11015090026;sclaessens71@ask.com
11015032401;eantoszewski72@blogs.com
11015043113;jbartholomew73@hao123.com
11015081651;missitt74@deliciousdays.com
11015067720;rheartfield75@jigsy.com
11015001863;jcuming76@home.pl
11015079478;aovernell77@tiny.cc
11015012138;kduberry78@wordpress.org
11015076541;sfairfoot79@wikipedia.org
11015085112;sgoodinson7a@imdb.com
11015046441;cfullerlove7b@qq.com
11015041669;gleveridge7c@quantcast.com
11015042490;jkitchenham7d@shareasale.com
11015006591;wmccrann7e@techcrunch.com
11015097966;nsails7f@wp.com
11015077425;cdaffey7g@time.com
11015004888;mpancoust7h@yahoo.co.jp
11015008447;anuzzi7i@sfgate.com
11015080714;npechold7j@bigcartel.com
11015037781;ksmythe7k@ehow.com
11015010345;bscardifeild7l@webs.com
11015045585;nhurkett7m@latimes.com
11015087888;ealexandrescu7n@biglobe.ne.jp
11015067436;kbeacon7o@cdc.gov
11015015705;ssawforde7p@icio.us
11015067695;sgreasley7q@newyorker.com
11015004254;kmaypole7r@un.org
11015098778;lgoathrop7s@github.com
11015018383;fmattioni7t@narod.ru
11015070397;gmaccaughen7u@sakura.ne.jp
11015093602;fhugonet7v@blogtalkradio.com
11015006751;jtawton7w@mozilla.org
11015021903;athursfield7x@npr.org
99900000003;kyegorev7y@macromedia.com
11015033428;scropton7z@uol.com.br
11015082776;mjorger80@yale.edu
11015087655;socodihie81@dailymotion.com
11015040312;jsnowdon82@unblog.fr
11015066151;kcrowdace83@baidu.com
11015030617;aabramovic84@ebay.com
11015037754;mtrittam85@imdb.com
11015036504;epeacop86@cdc.gov
11015018490;akayser87@blinklist.com
11015052022;mmobius88@myspace.com
11015022323;cchampness89@sourceforge.net
11015088333;bruby8a@privacy.gov.au
11015040731;ukoopman8b@1688.com
99900000004;dromanetti8c@walmart.com
11015063895;kellerington8d@yellowbook.com
11015062315;twallen8e@nationalgeographic.com
11015067800;fghelerdini8f@tinypic.com
11015090071;dlauchlan8g@google.ca
11015096164;rjakoub8h@apache.org
11015091597;fmolan8i@lycos.com
11015042597;grozzell8j@usa.gov
11015050328;tphippard8k@reuters.com
11015003736;dspittal8l@reverbnation.com
11015012469;tcobello8m@delicious.com
11015035765;jheninghem8n@twitpic.com
11015031215;smandal8o@accuweather.com
11015025801;emorant8p@amazon.de
11015070645;cdearle8q@spotify.com
11015068550;nbernardelli8r@naver.com
11015068792;cdowzell8s@godaddy.com
11015016946;gparcall8t@barnesandnoble.com
11015033552;mpatient8u@goodreads.com
11015039066;dbickerdyke8v@imgur.com
11015071671;acansdill8w@dedecms.com
11015041589;pcolcomb8x@google.cn
11015006671;lforseith8y@upenn.edu
11015078497;gworgen8z@behance.net
11015013789;eryves90@bizjournals.com
11015033614;aferier91@themeforest.net
11015044452;sbrumbye92@phoca.cz
11015016161;rpaulet93@cbslocal.com
11015058767;dgrammer94@mail.ru
11015076783;lwakely95@topsy.com
11015057394;dweatherill96@hibu.com
11015083515;cenderby97@sphinn.com
11015023359;ctildesley98@weather.com
11015097813;hbadman99@deliciousdays.com
11015040777;acullity9a@bing.com
11015038682;ilillywhite9b@flavors.me
11015077256;ysebborn9c@irs.gov
11015034383;jwalmsley9d@multiply.com
11015054565;ttomadoni9e@1und1.de
11015018631;sdumbarton9f@gov.uk
11015022412;lkondratowicz9g@cmu.edu
11015011978;agligoraci9h@free.fr
11015000150;emitie9i@tuttocitta.it
11015058160;krobun9j@businesswire.com
11015025455;mrau9k@alexa.com
11015084462;cgozard9l@dailymail.co.uk
11015077602;kwaterdrinker9m@parallels.com
11015092569;gcolliford9n@noaa.gov
11015070976;rcustard9o@yahoo.com
11015002201;desseby9p@dedecms.com
11015061940;candryszczak9q@4shared.com
11015082400;mmates9r@census.gov
11015020824;kgarnsey9s@rediff.com
99900000005;aflippen9t@prlog.org
11015012922;hkrolman9u@virginia.edu
11015069194;mfetherby9v@army.mil
11015073492;elofthouse9w@tripod.com
11015001845;gtwitchett9x@myspace.com
11015041687;astorre9y@foxnews.com
11015038842;lgilleon9z@prnewswire.com
11015093906;scassina0@phpbb.com
11015091445;amacarthura1@google.de
11015052629;cdomokosa2@google.ru
11015091631;ljouandeta3@bbc.co.uk
11015004548;abellwarda4@netvibes.com
11015023331;dseivwrighta5@zdnet.com
11015053682;jhulatta6@wsj.com
11015088716;sbeiderbeckea7@webeden.co.uk
11015063706;odicksona8@edublogs.org
11015083089;srancea9@house.gov
11015068836;kquarryaa@wikispaces.com
11015017650;fanthonyab@deviantart.com
11015055323;vrutherfoordac@seesaa.net
11015083463;sdoublead@umich.edu
11015040526;bgrigoreae@illinois.edu
11015009990;mheisteraf@thetimes.co.uk
11015023215;jabbottsag@hibu.com
11015004129;cbalaisotah@sourceforge.net
11015013903;nabysai@nymag.com
11015010149;byukhniniaj@imdb.com
11015085979;aashbrookak@census.gov
11015076453;gbarlassal@instagram.com
11015044498;tholthamam@vk.com
99900000006;csandeveran@yelp.com
11015046922;santoniettiao@yahoo.co.jp
11015092113;rfaberap@buzzfeed.com
11015021477;erixaq@symantec.com
11015026203;bpitfordar@imgur.com
99900000007;mfoortas@vkontakte.ru
11015035596;bfeakeat@eepurl.com
11015041516;cmcenteggartau@wordpress.com
11015059383;sjanczewskiav@google.com.hk
11015014902;rcoolicanaw@globo.com
11015063680;lmattssonax@google.fr
11015038799;aroydenay@digg.com
11015071760;mshavesaz@yellowpages.com
99900000008;zfeatenbyb0@sciencedaily.com
11015040447;fwardellb1@noaa.gov
11015061735;ahackworthyb2@reuters.com
11015052184;glyffeb3@dell.com
11015083249;aknowllerb4@biblegateway.com
11015041455;tcropb5@redcross.org
11015092792;rdrableb6@nationalgeographic.com
11015068319;vtommasuzzib7@thetimes.co.uk
11015005155;lmassyb8@google.co.jp
11015013119;lshawb9@nature.com
11015072322;rsollandba@ning.com
11015051880;wdidsburybb@reuters.com
11015008928;vpardalbc@vkontakte.ru
11015085158;klaurencotbd@unicef.org
11015020628;bmalitrottbe@desdev.cn
99900000009;bgashionbf@infoseek.co.jp
11015014813;hdadybg@sakura.ne.jp
11015045326;mhearsumbh@paypal.com
11015077648;wshilitobi@blogtalkradio.com
11015089993;qsyalvesterbj@umich.edu
11015042819;ssudlowbk@pinterest.com
11015045479;jdisneybl@slideshare.net
11015070057;mmolyneuxbm@accuweather.com
11015030387;ewigsellbn@bloglines.com
11015045415;cambrogibo@ehow.com
11015006181;fdurantebp@ebay.co.uk
11015053389;abecclesbq@accuweather.com
11015060932;tespinosbr@oakley.com
11015072377;mringebs@tripadvisor.com
11015095147;bjoanicbt@hugedomains.com
11015056901;dberthomieubu@nyu.edu
11015079325;bgillionbv@ucoz.com
11015010620;hdiroccabw@360.cn
11015042702;bdraysonbx@rakuten.co.jp
11015022662;cgilhoolby@friendfeed.com
11015051176;dbehrendsenbz@wikispaces.com
11015094460;calesc0@youtube.com
11015045638;heakeleyc1@marriott.com
11015077238;hplumerc2@twitpic.com
11015054306;cjeppc3@jiathis.com
11015043257;rmcmeekinc4@people.com.cn
11015022804;plavignec5@cyberchimps.com
11015038361;dthompkinsc6@yellowpages.com
11015049607;lcollerdc7@seattletimes.com
11015076140;olougheadc8@narod.ru
11015051791;ahannabussc9@stumbleupon.com
11015013752;jrastallca@arizona.edu
11015099571;candroletticb@nytimes.com
11015051050;afishpondcc@tinypic.com
11015070618;wmoyecd@ihg.com
11015067383;hdoggerellce@reverbnation.com
11015028185;amarriotcf@prnewswire.com
11015071403;doatleycg@webnode.com
11015022261;ztallonch@trellian.com
11015045022;daxtellci@photobucket.com
11015081027;mdoylecj@google.com
11015018301;frichtenck@netvibes.com
11015088663;cgeecl@bizjournals.com
11015019202;gwhinescm@yahoo.co.jp
11015033650;rchallisscn@google.ru
11015081367;rlisleco@oakley.com
11015001499;lsictornescp@google.es
11015053209;felsburycq@patch.com
11015054137;cscargillcr@de.vu
11015054146;ctonercs@reuters.com
11015018089;rbrutonct@fc2.com
11015061931;kfancourtcu@tamu.edu
11015013397;gjurczakcv@marriott.com
11015010425;wluckcw@edublogs.org
99900000010;jbruntjecx@newsvine.com
11015007475;gsheltoncy@dot.gov
11015069737;dgraylingcz@tinypic.com
11015027480;ebutsond0@yellowpages.com
11015060157;fdewilded1@prweb.com
11015027104;ahanhartd2@trellian.com
11015017892;ostruttd3@woothemes.com
11015013681;tlupartid4@amazonaws.com
11015084444;kpeceyd5@mapy.cz
11015076630;wscirmand6@wisc.edu
11015030706;ggiffkinsd7@cbslocal.com
11015009142;eswannied8@icq.com
11015094399;ccroxleyd9@about.com
11015073241;mdealeyda@1688.com
11015059971;dollindb@theguardian.com
11015058534;eledwidgedc@photobucket.com
11015055449;sgristockdd@icio.us
11015016982;rcolleymorede@feedburner.com
11015094111;amottedf@chronoengine.com
11015092952;lmeriothdg@walmart.com
11015011889;sbartalidh@mozilla.org
11015061325;jgaredi@whitehouse.gov
11015025874;sbottomleydj@google.ru
11015098947;kyuilledk@wisc.edu
11015044531;dsharpleydl@economist.com
11015055760;kmarczykdm@rediff.com
11015085309;phorsefielddn@yolasite.com
11015081517;mdjekicdo@ihg.com
11015065991;showerddp@stanford.edu
11015094530;breevedq@narod.ru
11015052246;msemmencedr@quantcast.com
11015094040;dpavittds@blinklist.com
11015065642;bcushworthdt@china.com.cn
11015007778;csutordu@examiner.com
11015063163;dgaiterdv@hao123.com
11015019113;hwillandw@taobao.com
11015024189;bwalterdx@ibm.com
11015045683;cconiamdy@usnews.com
11015026686;abarbiedz@prweb.com
11015039752;nmearinge0@shareasale.com
11015007769;bmayohe1@cbc.ca
11015073269;ctournere2@dagondesign.com
11015047805;mboichate3@wikispaces.com
11015076042;eweerdenburge4@intel.com
11015069577;pduffe5@soundcloud.com
11015078237;hlawerencee6@google.es
11015000070;tkatzmanne7@imgur.com
11015084033;pstoacleye8@freewebs.com
11015049055;dhardse9@newyorker.com
11015098279;vstennetea@yellowbook.com
11015074838;mspeedeb@xrea.com
11015062164;ddorbinec@php.net
11015088495;aburdessed@gov.uk
11015078834;lmilmoeee@wordpress.org
11015007821;akaretef@ucoz.ru
11015096351;dnicholeseg@bing.com
11015041213;aflaoniereh@histats.com
11015067150;pstouteei@artisteer.com
11015035603;kbriztmanej@senate.gov
99900000011;mmatovicek@mlb.com
11015032697;rtubbel@vistaprint.com
11015098885;cmacvayem@aboutads.info
11015068890;gmacgregoren@privacy.gov.au
11015027827;aarendeo@ucoz.com
11015088002;zpodsep@w3.org
11015086246;cworssameq@google.ca
11015050541;ddoylyer@washingtonpost.com
11015006494;ewoofendelles@themeforest.net
11015021324;rsaggerset@linkedin.com
11015098867;sogeneayeu@nifty.com
11015087227;gharomeev@amazon.co.uk
11015085336;mtillotew@delicious.com
11015025133;slillgardex@stanford.edu
11015003264;jfountianey@tinypic.com
11015059310;klenehamez@artisteer.com
11015083908;sboulgerf0@boston.com
11015067962;kmaherf1@engadget.com
11015007947;smitchenerf2@constantcontact.com
11015051158;msalackf3@google.com.au
11015030920;mlassellf4@pagesperso-orange.fr
11015083926;mguillardf5@mlb.com
11015097118;hfollissf6@tamu.edu
11015015509;lpillmanf7@google.es
11015031769;bpetriellof8@istockphoto.com
11015030305;iwebburnf9@slate.com
11015035097;cpitrellifa@tinyurl.com
11015009543;rhannantfb@biblegateway.com
11015016054;fgeardfc@ovh.net
11015059604;wwabersinkefd@miibeian.gov.cn
11015037629;sedworthyfe@wunderground.com
11015009115;jpilipyakff@buzzfeed.com
11015061815;rboxhillfg@mashable.com
11015044023;dwilloughbyfh@hatena.ne.jp
11015010693;bcharletfi@canalblog.com
11015001042;bterranfj@people.com.cn
11015008143;bbridgewaterfk@salon.com
11015055733;eedgeleyfl@sphinn.com
11015079959;ecattowfm@gravatar.com
11015026837;heakleyfn@seattletimes.com
11015027195;elachaizefo@baidu.com
11015049046;retockfp@gravatar.com
11015083105;dgarnallfq@drupal.org
11015062173;llubbockfr@google.es
11015033543;erimefs@shinystat.com
11015097038;qbaversorft@free.fr
11015078987;mciubutarofu@tumblr.com
11015025829;sallawyfv@psu.edu
11015069461;mvaseninfw@1688.com
11015056581;uidlefx@fda.gov
99900000012;hkrugerfy@istockphoto.com
11015028513;amcgebenayfz@google.cn
11015082151;jduffyg0@usgs.gov
11015043426;cvedmoreg1@opera.com
11015053904;mdearthg2@moonfruit.com
11015028951;ascimoneg3@youtu.be
11015061361;msargintg4@mapy.cz
11015052255;mmcterrellyg5@mapquest.com
11015064297;ggranvilleg6@scribd.com
11015074598;swanstallg7@amazon.com
11015084952;clonieg8@auda.org.au
11015020110;obrownsworthg9@wordpress.org
11015035587;cbeveredgega@state.tx.us
11015084550;bbuntingb@europa.eu
11015070226;smargettsgc@wordpress.org
11015093461;jfarleighgd@livejournal.com
11015052969;ahedneyge@arstechnica.com
11015096958;abeharrellgf@wufoo.com
11015075016;agarstanggg@house.gov
99900000013;ttuffingh@redcross.org
11015043550;btantongi@army.mil
11015035391;ncoppengj@discovery.com
11015061165;tabbatuccigk@google.ca
11015003996;kcunahgl@free.fr
11015062618;tianettigm@opera.com
99900000014;rbilboroughgn@go.com
11015021020;bcohanego@google.nl
11015032107;fmabegp@theatlantic.com
11015048458;mingledewgq@icio.us
11015014788;gboonegr@diigo.com
11015099839;jsawellgs@arizona.edu
11015061316;cpharrowgt@facebook.com
11015094567;kblunsengu@tripod.com
11015009286;bbrodbingv@phpbb.com
99900000015;lrebeirogw@slideshare.net
11015026418;bbollesgx@nasa.gov
11015015073;aropckegy@bloglines.com
99900000016;mcollyeargz@plala.or.jp
11015007698;lcroixh0@un.org
11015026098;ddennetth1@fotki.com
11015033829;npavolinih2@google.com
11015016018;wshurmanh3@paypal.com
11015062333;cgrovesh4@cbsnews.com
11015046049;edeboickh5@marriott.com
11015018356;tangrich6@yahoo.co.jp
11015064858;rianinottih7@acquirethisname.com
11015008456;mgilleaseh8@etsy.com
99900000017;chucquarth9@irs.gov
11015008232;vjantetha@squarespace.com
11015062841;kcallanderhb@about.me
11015049894;ehowletthc@uiuc.edu
11015042962;kwestcarhd@china.com.cn
11015081508;elawlingshe@ustream.tv
11015090963;mbraggerhf@moonfruit.com
11015083301;mcathenodhg@answers.com
99900000018;nloveringhh@globo.com
11015073018;pstockneyhi@dailymotion.com
11015013592;olakinhj@hc360.com
11015030163;mflowethhk@youku.com
11015090339;rblagdonhl@bloomberg.com
11015081205;rcenterhm@macromedia.com
11015042711;gguestehn@dion.ne.jp
11015059141;tpletho@linkedin.com
11015073438;lfeatherstonhaughhp@ucoz.com
11015097760;dscutchinghq@delicious.com
11015095343;owhifehr@sina.com.cn
11015007661;rkennefickhs@github.com
11015059506;cwalchht@twitter.com
11015033963;dpowdrellhu@cyberchimps.com
11015043612;grunnetthv@timesonline.co.uk
11015059445;iclaricoatshw@fastcompany.com
99900000019;jbrandihx@google.de
11015048582;twalwoodhy@acquirethisname.com
11015074856;wewestacehz@hostgator.com
11015072643;cstacyi0@vimeo.com
11015079076;ddurantei1@mashable.com
11015012673;kvasici2@google.com
11015013235;pkettlesi3@techcrunch.com
11015010167;aungerechtsi4@sakura.ne.jp
11015037898;ndrewesi5@nydailynews.com
11015084382;tattwelli6@wunderground.com
11015042052;ssycei7@mtv.com
11015021805;kastlesi8@wordpress.org
11015046325;khendricksoni9@ted.com
11015007340;aellaria@apple.com
11015075631;lfouldsib@bloomberg.com
11015007590;lhoulahanic@list-manage.com
11015096039;mhandoverid@state.tx.us
11015063528;rgatcliffie@bandcamp.com
11015098894;gbentif@europa.eu
11015036808;cnewlanig@hostgator.com
11015038049;cjuggingsih@nbcnews.com
11015007046;sduhamii@a8.net
11015099973;lschutterij@about.com
11015063653;bheaterik@live.com
11015060371;freisinil@berkeley.edu
11015059169;vvaillantim@google.nl
11015015625;ugrishaninin@typepad.com
11015060362;uprandoio@rakuten.co.jp
11015088609;tpomphrettip@cyberchimps.com
11015047707;pwhittleseaiq@economist.com
11015057410;jkiftir@apache.org
11015082703;ablondelleis@google.de
99900000020;agosenellit@hubpages.com
11015070565;ttrembathiu@mediafire.com
11015088020;mmeachiv@mozilla.com
11015049019;tdockeriw@ibm.com
11015060175;mahlfix@pcworld.com
11015084890;smarzeloiy@sbwire.com
11015092033;forgeliz@instagram.com
11015093149;fcoulej0@behance.net
11015098475;kgrigoriscuj1@forbes.com
11015014831;rsummerellj2@fda.gov
11015093826;estickneyj3@nih.gov
11015013734;sdimnagej4@independent.co.uk
11015007867;bmccathyj5@home.pl
11015067935;wmencoj6@freewebs.com
11015018793;tmccambridgej7@canalblog.com
11015034141;gmcenhillj8@google.ca
11015046414;clepagej9@sbwire.com
11015034837;itarquinioja@chron.com
11015007304;asimonetonjb@walmart.com
11015031484;bscotchfordjc@businesswire.com
11015035373;mtsarjd@e-recht24.de
11015057811;unardrupje@unesco.org
11015011255;acornfootjf@ca.gov
11015013627;ssandhilljg@google.co.uk
99900000021;scutforthjh@va.gov
11015028443;prenonji@live.com
11015017561;emohamedjj@bloglovin.com
11015001122;udavenhilljk@google.ca
11015019042;mdudlestonjl@ehow.com
11015042089;lnormanjm@zimbio.com
11015091285;ladlingtonjn@gmpg.org
11015004110;fkelselljo@sakura.ne.jp
11015054609;kjoistjp@cnn.com
11015088155;jbrumbiejq@vistaprint.com
11015041080;nknilljr@gizmodo.com
11015062422;chaddyjs@meetup.com
99900000022;earnholdtjt@tinypic.com
11015075702;welmerju@flavors.me
11015009384;rdominikjv@craigslist.org
11015002078;fduffettjw@pen.io
99900000023;ddavorenjx@npr.org
11015018285;lwitchallsjy@1und1.de
99900000024;mnencijz@paginegialle.it
11015081465;soddak0@fc2.com
11015002345;bmugfordk1@cpanel.net
11015059052;ahuckek2@networksolutions.com
11015005253;pgrigork3@dailymail.co.uk
11015016358;asadlierk4@dell.com
11015044309;ghankinsonk5@free.fr
11015066311;smaclavertyk6@walmart.com
11015057973;ggrabehamk7@prnewswire.com
11015094335;ieatonk8@businessinsider.com
11015022742;kmacgillivriek9@usa.gov
11015059999;jmuckleka@ftc.gov
11015079619;ihugheskb@jugem.jp
11015015581;kschulekc@mozilla.com
11015002443;stammadgekd@mediafire.com
11015058623;ctingleke@t-online.de
11015020361;bstuartkf@bizjournals.com
11015051256;cingarfillkg@over-blog.com
11015048396;sdarnboroughkh@uiuc.edu
11015094674;mizakki@yahoo.com
11015089671;aclaykj@imageshack.us
11015059196;cespadaskk@acquirethisname.com
11015092088;mfontinkl@t.co
11015047164;bbarneskm@blogger.com
11015006270;bjonahkn@wordpress.org
11015047011;wruddlesdenko@yahoo.co.jp
11015001435;doggerskp@behance.net
11015052460;ggravellkq@liveinternet.ru
99900000025;uengelkr@google.com
11015064938;asaunterks@youku.com
11015033883;ghorchekt@salon.com
11015091301;bdowerku@vimeo.com
11015025981;cmaccolmkv@edublogs.org
11015010461;kfosdykekw@pen.io
11015018463;hcasebornekx@chicagotribune.com
11015083258;fcondieky@webmd.com
11015072368;cpikettkz@myspace.com
11015061147;dsomertonl0@marketwatch.com
11015089001;sstuehmeyerl1@wix.com
11015026445;mhallittl2@mtv.com
11015023420;ccolquhounl3@instagram.com
11015030154;pbiddyl4@oakley.com
11015083374;ltidderl5@1und1.de
11015031199;gtripconyl6@cnet.com
11015063038;dbodycombl7@ning.com
11015021495;wseefeldtl8@google.com
11015061673;rjirekl9@technorati.com
11015025035;lpfeffella@unc.edu
11015055118;omammattlb@tinypic.com
11015029479;gmainslc@canalblog.com
11015048154;dohegertield@1688.com
11015050435;acocklandle@ask.com
11015090151;maugustelf@quantcast.com
11015080117;cternelg@studiopress.com
11015036292;gabsolomlh@ed.gov
99900000026;dstrodeli@mtv.com
11015090393;aiozefovichlj@time.com
99900000027;lkaveneylk@oaic.gov.au
11015016438;rbowldll@oracle.com
11015090990;iadeylm@friendfeed.com
11015017446;mmerrissonln@accuweather.com
11015045530;gglynnelo@macromedia.com
11015030270;svallowlp@exblog.jp
11015072411;tmachentlq@usnews.com
99900000028;tmallardlr@adobe.com
11015091178;bcradeyls@abc.net.au
11015027168;acroysdalelt@statcounter.com
11015066927;amaccarricklu@devhub.com
11015093835;rhurdislv@shutterfly.com
11015021556;breddihoughlw@nhs.uk
11015059631;graddenburylx@google.es
11015028229;mhousecraftly@dell.com
11015053566;iwhittocklz@ucoz.com
11015056689;jsandelsm0@is.gd
99900000029;bheinzlerm1@house.gov
11015052718;bpargentm2@goodreads.com
99900000030;fhanksm3@yahoo.co.jp
11015034917;fallwellm4@1und1.de
11015016802;rhuettm5@tiny.cc
11015031625;gclutramm6@about.com
11015080643;jcondym7@bravesites.com
11015061307;nhuckinm8@theatlantic.com
11015029585;vbettonm9@google.es
11015060549;qmacclanceyma@hp.com
99900000031;nocklandmb@usgs.gov
11015041222;dmoorerudmc@rakuten.co.jp
99900000032;twadmoremd@youtu.be
99900000033;rlogueme@vkontakte.ru
11015006920;gportailmf@webeden.co.uk
11015014608;sdummettmg@theglobeandmail.com
11015000542;itedmanmh@google.nl
99900000034;dmurrisonmi@squidoo.com
11015020478;soshirinemj@diigo.com
11015059178;helesandermk@imageshack.us
11015067329;cbrusselsml@smugmug.com
11015096583;tviegasmm@discovery.com
11015017400;fogilviemn@g.co
11015025712;ezanetellomo@jigsy.com
11015038067;crickwordmp@nature.com
11015003601;acrouchermq@quantcast.com
11015089305;hricciardellomr@tamu.edu
11015047422;ckitchingms@weibo.com
11015005663;chacunmt@unicef.org
11015044513;cjouhanmu@skype.com
11015033133;jclaphammv@jiathis.com
11015022706;vbaxtermw@printfriendly.com
11015030449;demblingmx@webnode.com
99900000035;wroffmy@ehow.com
11015017455;qparamormz@discovery.com
11015018123;tpaulyn0@rediff.com
11015079940;tstienhamn1@wordpress.com
11015058151;ditzikn2@seattletimes.com
11015062324;kdaveridgen3@vistaprint.com
11015085675;wgiraln4@amazon.com
11015089635;gkenneyn5@xing.com
11015070878;gtheunissenn6@istockphoto.com
11015051283;mdelahuntyn7@bluehost.com
11015050738;aboritn8@google.de
11015098830;hlorien9@mit.edu
11015096529;jenriquesna@de.vu
11015014083;zpokernb@cafepress.com
11015008857;gbennellnc@hibu.com
11015014984;awolfarthnd@liveinternet.ru
11015044684;idanevne@fc2.com
11015056251;mhenzernf@psu.edu
99900000036;paverillng@parallels.com
99900000037;gsillynh@google.co.jp
11015059908;ddormonni@sourceforge.net
99900000038;jannattnj@cornell.edu
11015063831;jloraitnk@tuttocitta.it
11015082721;pmatzkaitisnl@cyberchimps.com
11015084676;ayurkiewicznm@bizjournals.com
11015040189;bcarnewnn@github.io
11015039832;bimlochno@spiegel.de
11015079904;lstebbingsnp@slideshare.net
11015029816;dstatefieldnq@sun.com
11015000025;rcompfordnr@printfriendly.com
11015080929;mdurnellns@about.com
11015047645;adwelleynt@ft.com
11015006449;haleavynu@tripadvisor.com
11015058482;rfurnissnv@usgs.gov
11015064359;dpetrichatnw@pinterest.com
11015008866;gharleynx@wordpress.com
99900000039;elimprichtny@wired.com
11015015830;fbottbynz@360.cn
11015026597;sbatteyo0@youtu.be
99900000040;rculhamo1@fc2.com
11015065438;eadacoto2@seattletimes.com
99900000041;ssneesbieo3@nifty.com
99900000042;ghawkero4@nytimes.com
11015081269;gmusketto5@ocn.ne.jp
11015098368;cwarlando6@wikipedia.org
11015088798;hbeechamo7@webs.com
99900000043;rsonnenscheino8@sbwire.com
11015073982;rlancetero9@hostgator.com
11015089813;bsharpoa@purevolume.com
11015077844;fhickeringillob@businessinsider.com
11015073937;lorvisoc@time.com
11015096404;jsteddallod@ycombinator.com
11015006225;rbattramoe@deviantart.com
11015015242;asandwichof@irs.gov
11015055993;lcroyserog@imdb.com
11015065928;gbarnfatheroh@live.com
11015076818;mfelixoi@businesswire.com
11015025008;amacguffieoj@businessinsider.com
11015016152;rarendsok@census.gov
11015030715;qgraserol@jiathis.com
11015031812;fbrimmom@joomla.org
11015062388;bgrimwoodon@mapy.cz
11015059392;mmattimoeoo@latimes.com
11015094219;cmackaigop@t-online.de
11015061496;mbolesworthoq@ucoz.ru
11015080475;tilyinykhor@ifeng.com
11015075622;tlandrickos@nymag.com
11015036611;adoretot@pagesperso-orange.fr
11015024544;naskhamou@123-reg.co.uk
11015052362;tmottoov@behance.net
99900000044;lrolfiniow@shutterfly.com
11015038423;vwartonbyox@domainmarket.com
11015079450;gnewnhamoy@hexun.com
11015091294;jfarrimondoz@rambler.ru
11015044256;lbyersp0@prweb.com
11015056019;elivockp1@live.com
11015014350;amallochp2@stumbleupon.com
11015028764;abruynsp3@hc360.com
11015025794;mnathonp4@cnn.com
11015075908;lhamshawp5@dot.gov
11015073278;mquenep6@cyberchimps.com
11015055109;ahasnneyp7@engadget.com
11015070752;jheightp8@vistaprint.com
11015060013;mronaldsonp9@imdb.com
11015006626;pboissierpa@bbc.co.uk
11015042560;bbarrowcliffepb@biglobe.ne.jp
11015087833;agurerypc@vimeo.com
11015065072;zworwoodpd@plala.or.jp
11015066142;jfearnallpe@amazon.co.uk
11015062468;hmotionpf@mapquest.com
99900000045;rroskellypg@yahoo.co.jp
11015063822;nfarlaneph@businessinsider.com
11015001391;tscroggspi@domainmarket.com
11015087753;mwareingpj@webeden.co.uk
11015074188;lreochpk@digg.com
11015014403;mworledgepl@dagondesign.com
11015031331;istrangewaypm@webs.com
11015086111;jguryspn@cnbc.com
11015085844;rfiggenpo@ftc.gov
11015037807;tclewerpp@google.com
11015090927;hplayfordpq@gov.uk
11015016919;vklassmannpr@github.io
11015047958;ssandryps@moonfruit.com
11015089831;nunderdownpt@imdb.com
21015032143;lhandrok05@desdev.cn
21015073624;rwantling15@noaa.gov
21015074295;tbatterson25@mediafire.com
21015080947;ttresise35@craigslist.org
21015055957;wjobe45@phoca.cz
21015007359;bstoppard55@ebay.com
21015037317;mannis65@instagram.com
21015001337;cwapple75@histats.com
21015003022;jgaitley85@umich.edu
21015090696;rdisbrow95@nba.com
21015050998;rgallatlya5@goo.ne.jp
21015097886;aenglandb5@vk.com
21015038469;rabsolonc5@princeton.edu
21015072803;sdrewcliftond5@marketwatch.com
21015079227;pbirwhistlee5@moonfruit.com
21015002336;ocotherillf5@opensource.org
21015078843;ggrissettg5@google.nl
21015012227;khuxterh5@archive.org
21015099063;gmcroryi5@surveymonkey.com
21015008777;hvassallj5@spotify.com
21015087307;ofickk5@arstechnica.com
21015018604;rjaanl5@linkedin.com
21015093229;fpostgatem5@ihg.com
21015077103;cspringthorpen5@gravatar.com
21015034828;lgevero5@ning.com
21015076159;gbishellp5@ask.com
21015096645;imurrellq5@purevolume.com
21015014127;laartsenr5@t-online.de
21015066473;cslights5@msn.com
21015061156;lweymontt5@dot.gov
21015026999;scastilleu5@g.co
21015094727;kkleinbererv5@rediff.com
21015051979;gesparzaw5@nsw.gov.au
21015041650;zbilboroughx5@usda.gov
21015092541;kmoodycliffey5@buzzfeed.com
21015026221;sromaz5@independent.co.uk
21015050587;dmulchrone105@intel.com
21015051194;mgarrud115@wufoo.com
21015035499;smccumskay125@purevolume.com
21015038780;lciraldo135@shutterfly.com
21015038307;jcastellino145@earthlink.net
21015093390;mstobo155@vistaprint.com
21015074357;pthrasher165@weather.com
21015059551;kmatches175@ameblo.jp
21015087931;zfrancecione185@slashdot.org
21015069871;bmcclelland195@typepad.com
21015054930;gquemby1a5@netvibes.com
21015071902;oriches1b5@oracle.com
21015041990;dalcorn1c5@surveymonkey.com
21015052923;fizat1d5@skype.com
21015022813;mgashion1e5@360.cn
21015030145;ljarrett1f5@youtube.com
21015071644;melvidge1g5@amazonaws.com
21015003086;rbolliver1h5@opensource.org
21015044951;ptessier1i5@walmart.com
21015091203;slemmens1j5@amazon.co.jp
21015058240;epideon1k5@si.edu
21015015028;wbuttner1l5@mit.edu
21015004799;dmaus1m5@utexas.edu
21015021985;cdraper1n5@devhub.com
21015074151;sgreveson1o5@github.io
21015047725;frichardes1p5@disqus.com
21015084328;nfeatenby1q5@fotki.com
21015052371;cmarquess1r5@adobe.com
21015076952;cblowing1s5@buzzfeed.com
21015075524;mharradine1t5@blogs.com
21015066455;cszanto1u5@cloudflare.com
21015005752;cgeraldez1v5@example.com
21015087637;znind1w5@moonfruit.com
21015064821;kqusklay1x5@usnews.com
21015038487;amingey1y5@dropbox.com
21015004762;rmorrilly1z5@noaa.gov
21015021217;kmatusson205@example.com
21015049983;talsop215@ebay.com
21015065571;jreap225@acquirethisname.com
21015096226;mloads235@answers.com
21015076514;hjeffcoat245@redcross.org
21015009749;yjerdein255@cdc.gov
21015028014;obrende265@theglobeandmail.com
21015097001;gheddan275@networksolutions.com
31015032143;mmcallester285@fotki.com
31015073624;tstirrup295@youtu.be
31015074295;srowan2a5@godaddy.com
31015080947;kivanishev2b5@ibm.com
31015055957;krotchell2c5@ocn.ne.jp
31015007359;wpartlett2d5@japanpost.jp
31015037317;nrissom2e5@gnu.org
31015001337;bhablot2f5@answers.com
31015003022;ttyne2g5@oaic.gov.au
31015090696;nsherville2h5@usatoday.com
31015050998;mpetkovic2i5@google.it
31015097886;strawin2j5@naver.com
31015038469;ierswell2k5@bbc.co.uk
31015072803;vmouat2l5@gmpg.org
31015079227;mberi2m5@bloglovin.com
31015002336;enegri2n5@merriam-webster.com
31015078843;aconwell2o5@blogtalkradio.com
31015012227;fhembery2p5@fc2.com
31015099063;cjessel2q5@studiopress.com
31015008777;szebedee2r5@surveymonkey.com
31015087307;arosterne2s5@state.gov
31015018604;jpostins2t5@simplemachines.org
31015093229;qhaveline2u5@yahoo.co.jp
31015077103;rfilmer2v5@360.cn
31015034828;ntudbald2w5@moonfruit.com
31015076159;asnowman2x5@mac.com
31015096645;tcanadas2y5@go.com
31015014127;wmccourt2z5@meetup.com
31015066473;ldripp305@va.gov
31015061156;gsherborne315@ask.com
31015026999;apyner325@chron.com
31015094727;tbrimble335@4shared.com
31015051979;asnewin345@zimbio.com
31015041650;lwhorlow355@photobucket.com
31015092541;taireton365@ameblo.jp
31015026221;kphilippart375@state.tx.us
31015050587;jbrydone385@irs.gov
31015051194;mmcgarrahan395@telegraph.co.uk
31015035499;hfirpo3a5@wikipedia.org
31015038780;iflexman3b5@cocolog-nifty.com
31015038307;hcroney3c5@java.com
31015093390;byearne3d5@nydailynews.com
31015074357;mgittings3e5@hostgator.com
31015059551;moven3f5@histats.com
31015087931;jchittim3g5@domainmarket.com
31015069871;bdibden3h5@youtube.com
31015054930;bforten3i5@google.com
31015071902;cprigmore3j5@shop-pro.jp
31015041990;vpassey3k5@wisc.edu
31015052923;amcauslene3l5@virginia.edu
31015022813;mtyson3m5@mysql.com
31015030145;ewitherington3n5@usnews.com
31015071644;ehanington3o5@reuters.com
31015003086;doxenford3p5@answers.com
31015044951;jwaitland3q5@wp.com
31015091203;dzannuto3r5@nih.gov
31015058240;gcaird3s5@gov.uk
31015015028;esaundercock3t5@wikia.com
31015004799;acastiello3u5@alexa.com
31015021985;jaylmore3v5@sbwire.com
31015074151;mreddings3w5@umn.edu
31015047725;agorcke3x5@360.cn
31015084328;bdefrancisci3y5@about.me
31015052371;rsnugg3z5@feedburner.com
31015076952;mmackettrick405@sun.com
31015075524;alillegard415@ft.com
31015066455;lwickerson425@google.co.uk
31015005752;ksarfat435@columbia.edu
31015087637;adignon445@cbsnews.com
31015064821;gbreitler455@army.mil
31015038487;ohodgets465@naver.com
31015004762;kmillimoe475@chronoengine.com
31015021217;colivetti485@ifeng.com
31015049983;thinkensen495@hostgator.com
31015065571;gverbeek4a5@msu.edu
31015096226;eillingworth4b5@shinystat.com
31015076514;gheaselgrave4c5@simplemachines.org
31015009749;asomerbell4d5@vinaora.com
31015028014;ohedley4e5@istockphoto.com
31015097001;mrossi4f5@google.com.hk
41015032143;mtipper4g5@alexa.com
41015073624;dbugbee4h5@scribd.com
41015074295;mdesouza4i5@over-blog.com
41015080947;celiet4j5@friendfeed.com
41015055957;gclackers4k5@creativecommons.org
41015007359;amogg4l5@narod.ru
41015037317;oprince4m5@cdc.gov
41015001337;jpeeters4n5@yellowpages.com
41015003022;stomaszkiewicz4o5@oracle.com
41015090696;tmaker4p5@hibu.com
41015050998;amerrifield4q5@plala.or.jp
41015097886;sgaskill4r5@hao123.com
41015038469;ikernar4s5@soundcloud.com
41015072803;dyetman4t5@lulu.com
41015079227;vpotebury4u5@aol.com
41015002336;jkite4v5@arizona.edu
41015078843;astowte4w5@devhub.com
41015012227;wtyrrell4x5@stanford.edu
41015099063;ojarred4y5@oaic.gov.au
41015008777;cyantsev4z5@parallels.com
41015087307;ikrale505@sciencedirect.com
41015018604;bcalcut515@geocities.jp
41015093229;rcrucitti525@topsy.com
41015077103;dfroment535@plala.or.jp
41015034828;ksiggins545@elpais.com
41015076159;kjecock555@cbsnews.com
41015096645;jdevorill565@hugedomains.com
41015014127;ekarpushkin575@so-net.ne.jp
41015066473;binman585@linkedin.com
41015061156;cgrioli595@tripod.com
41015026999;nrosenblad5a5@t.co
41015094727;cgreeson5b5@msu.edu
41015051979;acruce5c5@google.cn
41015041650;bruvel5d5@blinklist.com
41015092541;mkinge5e5@zdnet.com
41015026221;sguitel5f5@auda.org.au
41015050587;fbazelle5g5@state.tx.us
41015051194;jmountain5h5@360.cn
41015035499;mjoseph5i5@sogou.com
41015038780;lwheatcroft5j5@amazon.de
41015038307;vmckinnell5k5@google.com
41015093390;mbourgaize5l5@reverbnation.com
41015074357;emckinna5m5@ycombinator.com
41015059551;raughton5n5@drupal.org
41015087931;tfearn5o5@icq.com
41015069871;obastide5p5@ft.com
41015054930;cbolger5q5@nba.com
41015071902;hpennicard5r5@mozilla.com
41015041990;cmcentee5s5@washingtonpost.com
41015052923;cgenders5t5@dyndns.org
41015022813;kblomfield5u5@twitpic.com
41015030145;dtaffee5v5@furl.net
41015071644;rmattys5w5@google.co.jp
41015003086;parchdeacon5x5@slideshare.net
41015044951;eszubert5y5@google.ru
41015091203;fklaes5z5@marketwatch.com
41015058240;bzemler605@google.co.jp
41015015028;tboldt615@hostgator.com
41015004799;epritchett625@time.com
41015021985;rcallister635@si.edu
21015086610;jsansom645@businessinsider.com
21015098983;rscarsbrooke655@rambler.ru
21015043337;daronin665@aol.com
21015037601;vgooden675@wikimedia.org
21015077951;npindell685@amazon.de
21015090865;agyrgorcewicx695@sciencedirect.com
21015008740;rlacy6a5@etsy.com
21015030181;jstevens6b5@opera.com
21015066384;sspires6c5@gmpg.org
21015071127;tfredi6d5@tripod.com
21015025311;lgiordano6e5@springer.com
21015030831;bmcgeachy6f5@shutterfly.com
21015012325;ebotcherby6g5@berkeley.edu
21015047985;eshearmur6h5@businessweek.com
21015087316;kreek6i5@desdev.cn
21015016429;praincin6j5@free.fr
21015020968;amccory6k5@japanpost.jp
21015054538;zbrill6l5@utexas.edu
21015084621;jvettore6m5@marketwatch.com
21015063270;okilgallen6n5@guardian.co.uk
21015047342;cfury6o5@fotki.com
21015065624;ndyster6p5@usgs.gov
21015058632;ledwinson6q5@blogtalkradio.com
21015024198;lbrinkler6r5@vkontakte.ru
21015015607;mmedmore6s5@homestead.com
21015072046;dduncklee6t5@canalblog.com
21015025259;fgenge6u5@shareasale.com
21015031411;srives6v5@sun.com
21015057517;bcorneil6w5@amazonaws.com
21015077559;skobisch6x5@oaic.gov.au
21015037399;bstratz6y5@icio.us
21015005798;keakins6z5@mashable.com
21015054967;mottee705@cdc.gov
21015019015;sclaessens715@ask.com
21015056224;eantoszewski725@blogs.com
21015052273;jbartholomew735@hao123.com
21015029905;missitt745@deliciousdays.com
21015089421;rheartfield755@jigsy.com
21015083392;jcuming765@home.pl
21015070805;aovernell775@tiny.cc
21015069292;kduberry785@wordpress.org
29900000001;sfairfoot795@wikipedia.org
29900000002;sgoodinson7a5@imdb.com
21015073161;cfullerlove7b5@qq.com
21015072732;gleveridge7c5@quantcast.com
21015015206;jkitchenham7d5@shareasale.com
21015032054;wmccrann7e5@techcrunch.com
21015003451;nsails7f5@wp.com
21015007938;cdaffey7g5@time.com
21015070182;mpancoust7h5@yahoo.co.jp
21015082758;anuzzi7i5@sfgate.com
21015072126;npechold7j5@bigcartel.com
21015067043;ksmythe7k5@ehow.com
21015032456;bscardifeild7l5@webs.com
21015028853;nhurkett7m5@latimes.com
21015009847;ealexandrescu7n5@biglobe.ne.jp
21015063289;kbeacon7o5@cdc.gov
21015078656;ssawforde7p5@icio.us
21015060219;sgreasley7q5@newyorker.com
21015019596;kmaypole7r5@un.org
21015003610;lgoathrop7s5@github.com
21015075409;fmattioni7t5@narod.ru
21015040946;gmaccaughen7u5@sakura.ne.jp
21015056171;fhugonet7v5@blogtalkradio.com
21015095209;jtawton7w5@mozilla.org
21015004165;athursfield7x5@npr.org
21015030092;kyegorev7y5@macromedia.com
21015016223;scropton7z5@uol.com.br
21015049778;mjorger805@yale.edu
21015073045;socodihie815@dailymotion.com
21015092462;jsnowdon825@unblog.fr
21015056000;kcrowdace835@baidu.com
21015072420;aabramovic845@ebay.com
21015083034;mtrittam855@imdb.com
21015037200;epeacop865@cdc.gov
21015074231;akayser875@blinklist.com
21015092239;mmobius885@myspace.com
21015068774;cchampness895@sourceforge.net
21015012548;bruby8a5@privacy.gov.au
21015002595;ukoopman8b5@1688.com
21015046423;dromanetti8c5@walmart.com
21015085274;kellerington8d5@yellowbook.com
21015092006;twallen8e5@nationalgeographic.com
21015003576;fghelerdini8f5@tinypic.com
21015023590;dlauchlan8g5@google.ca
21015054994;rjakoub8h5@apache.org
21015069746;fmolan8i5@lycos.com
21015011488;grozzell8j5@usa.gov
21015080368;tphippard8k5@reuters.com
21015063751;dspittal8l5@reverbnation.com
21015011013;tcobello8m5@delicious.com
21015095539;jheninghem8n5@twitpic.com
21015024786;smandal8o5@accuweather.com
21015022458;emorant8p5@amazon.de
21015033188;cdearle8q5@spotify.com
21015099991;nbernardelli8r5@naver.com
21015011825;cdowzell8s5@godaddy.com
21015010700;gparcall8t5@barnesandnoble.com
21015088752;mpatient8u5@goodreads.com
21015076738;dbickerdyke8v5@imgur.com
21015035872;acansdill8w5@dedecms.com
21015085746;pcolcomb8x5@google.cn
21015029665;lforseith8y5@upenn.edu
21015081795;gworgen8z5@behance.net
21015007536;eryves905@bizjournals.com
21015095655;aferier915@themeforest.net
21015048804;sbrumbye925@phoca.cz
21015086326;rpaulet935@cbslocal.com
21015020423;dgrammer945@mail.ru
21015005351;lwakely955@topsy.com
21015079851;dweatherill965@hibu.com
21015096155;cenderby975@sphinn.com
21015001382;ctildesley985@weather.com
21015076756;hbadman995@deliciousdays.com
21015027658;acullity9a5@bing.com
21015016447;ilillywhite9b5@flavors.me
21015014289;ysebborn9c5@irs.gov
21015046272;jwalmsley9d5@multiply.com
21015040027;ttomadoni9e5@1und1.de
21015079815;sdumbarton9f5@gov.uk
21015020593;lkondratowicz9g5@cmu.edu
21015017286;agligoraci9h5@free.fr
21015071494;emitie9i5@tuttocitta.it
21015007670;krobun9j5@businesswire.com
21015009598;mrau9k5@alexa.com
21015007965;cgozard9l5@dailymail.co.uk
21015097582;kwaterdrinker9m5@parallels.com
21015077871;gcolliford9n5@noaa.gov
21015061245;rcustard9o5@yahoo.com
21015075695;desseby9p5@dedecms.com
21015037674;candryszczak9q5@4shared.com
21015090543;mmates9r5@census.gov
21015001275;kgarnsey9s5@rediff.com
21015036871;aflippen9t5@prlog.org
21015071591;hkrolman9u5@virginia.edu
21015057679;mfetherby9v5@army.mil
21015026953;elofthouse9w5@tripod.com
21015076266;gtwitchett9x5@myspace.com
21015035694;astorre9y5@foxnews.com
21015003157;lgilleon9z5@prnewswire.com
21015042427;scassina05@phpbb.com
21015066730;amacarthura15@google.de
21015093808;cdomokosa25@google.ru
21015015395;ljouandeta35@bbc.co.uk
21015071993;abellwarda45@netvibes.com
21015011442;dseivwrighta55@zdnet.com
21015059301;jhulatta65@wsj.com
21015003200;sbeiderbeckea75@webeden.co.uk
21015071485;odicksona85@edublogs.org
21015094200;srancea95@house.gov
31015086610;kquarryaa5@wikispaces.com
31015098983;fanthonyab5@deviantart.com
31015043337;vrutherfoordac5@seesaa.net
31015037601;sdoublead5@umich.edu
31015077951;bgrigoreae5@illinois.edu
31015090865;mheisteraf5@thetimes.co.uk
31015008740;jabbottsag5@hibu.com
31015030181;cbalaisotah5@sourceforge.net
31015066384;nabysai5@nymag.com
31015071127;byukhniniaj5@imdb.com
31015025311;aashbrookak5@census.gov
31015030831;gbarlassal5@instagram.com
31015012325;tholthamam5@vk.com
31015047985;csandeveran5@yelp.com
31015087316;santoniettiao5@yahoo.co.jp
31015016429;rfaberap5@buzzfeed.com
31015020968;erixaq5@symantec.com
31015054538;bpitfordar5@imgur.com
31015084621;mfoortas5@vkontakte.ru
31015063270;bfeakeat5@eepurl.com
31015047342;cmcenteggartau5@wordpress.com
31015065624;sjanczewskiav5@google.com.hk
31015058632;rcoolicanaw5@globo.com
31015024198;lmattssonax5@google.fr
31015015607;aroydenay5@digg.com
31015072046;mshavesaz5@yellowpages.com
31015025259;zfeatenbyb05@sciencedaily.com
31015031411;fwardellb15@noaa.gov
31015057517;ahackworthyb25@reuters.com
31015077559;glyffeb35@dell.com
31015037399;aknowllerb45@biblegateway.com
31015005798;tcropb55@redcross.org
31015054967;rdrableb65@nationalgeographic.com
31015019015;vtommasuzzib75@thetimes.co.uk
31015056224;lmassyb85@google.co.jp
31015052273;lshawb95@nature.com
31015029905;rsollandba5@ning.com
31015089421;wdidsburybb5@reuters.com
31015083392;vpardalbc5@vkontakte.ru
31015070805;klaurencotbd5@unicef.org
31015069292;bmalitrottbe5@desdev.cn
39900000001;bgashionbf5@infoseek.co.jp
39900000002;hdadybg5@sakura.ne.jp
31015073161;mhearsumbh5@paypal.com
31015072732;wshilitobi5@blogtalkradio.com
31015015206;qsyalvesterbj5@umich.edu
31015032054;ssudlowbk5@pinterest.com
31015003451;jdisneybl5@slideshare.net
31015007938;mmolyneuxbm5@accuweather.com
31015070182;ewigsellbn5@bloglines.com
31015082758;cambrogibo5@ehow.com
31015072126;fdurantebp5@ebay.co.uk
31015067043;abecclesbq5@accuweather.com
31015032456;tespinosbr5@oakley.com
31015028853;mringebs5@tripadvisor.com
31015009847;bjoanicbt5@hugedomains.com
31015063289;dberthomieubu5@nyu.edu
31015078656;bgillionbv5@ucoz.com
31015060219;hdiroccabw5@360.cn
31015019596;bdraysonbx5@rakuten.co.jp
31015003610;cgilhoolby5@friendfeed.com
31015075409;dbehrendsenbz5@wikispaces.com
31015040946;calesc05@youtube.com
31015056171;heakeleyc15@marriott.com
31015095209;hplumerc25@twitpic.com
31015004165;cjeppc35@jiathis.com
31015030092;rmcmeekinc45@people.com.cn
31015016223;plavignec55@cyberchimps.com
31015049778;dthompkinsc65@yellowpages.com
31015073045;lcollerdc75@seattletimes.com
31015092462;olougheadc85@narod.ru
31015056000;ahannabussc95@stumbleupon.com
31015072420;jrastallca5@arizona.edu
31015083034;candroletticb5@nytimes.com
31015037200;afishpondcc5@tinypic.com
31015074231;wmoyecd5@ihg.com
31015092239;hdoggerellce5@reverbnation.com
31015068774;amarriotcf5@prnewswire.com
31015012548;doatleycg5@webnode.com
31015002595;ztallonch5@trellian.com
31015046423;daxtellci5@photobucket.com
31015085274;mdoylecj5@google.com
31015092006;frichtenck5@netvibes.com
31015003576;cgeecl5@bizjournals.com
31015023590;gwhinescm5@yahoo.co.jp
31015054994;rchallisscn5@google.ru
31015069746;rlisleco5@oakley.com
31015011488;lsictornescp5@google.es
31015080368;felsburycq5@patch.com
31015063751;cscargillcr5@de.vu
31015011013;ctonercs5@reuters.com
31015095539;rbrutonct5@fc2.com
31015024786;kfancourtcu5@tamu.edu
31015022458;gjurczakcv5@marriott.com
31015033188;wluckcw5@edublogs.org
31015099991;jbruntjecx5@newsvine.com
31015011825;gsheltoncy5@dot.gov
31015010700;dgraylingcz5@tinypic.com
31015088752;ebutsond05@yellowpages.com
31015076738;fdewilded15@prweb.com
31015035872;ahanhartd25@trellian.com
31015085746;ostruttd35@woothemes.com
31015029665;tlupartid45@amazonaws.com
31015081795;kpeceyd55@mapy.cz
31015007536;wscirmand65@wisc.edu
31015095655;ggiffkinsd75@cbslocal.com
31015048804;eswannied85@icq.com
31015086326;ccroxleyd95@about.com
31015020423;mdealeyda5@1688.com
31015005351;dollindb5@theguardian.com
31015079851;eledwidgedc5@photobucket.com
31015096155;sgristockdd5@icio.us
31015001382;rcolleymorede5@feedburner.com
31015076756;amottedf5@chronoengine.com
31015027658;lmeriothdg5@walmart.com
31015016447;sbartalidh5@mozilla.org
31015014289;jgaredi5@whitehouse.gov
31015046272;sbottomleydj5@google.ru
31015040027;kyuilledk5@wisc.edu
31015079815;dsharpleydl5@economist.com
31015020593;kmarczykdm5@rediff.com
31015017286;phorsefielddn5@yolasite.com
31015071494;mdjekicdo5@ihg.com
31015007670;showerddp5@stanford.edu
31015009598;breevedq5@narod.ru
31015007965;msemmencedr5@quantcast.com
31015097582;dpavittds5@blinklist.com
31015077871;bcushworthdt5@china.com.cn
31015061245;csutordu5@examiner.com
31015075695;dgaiterdv5@hao123.com
31015037674;hwillandw5@taobao.com
31015090543;bwalterdx5@ibm.com
31015001275;cconiamdy5@usnews.com
31015036871;abarbiedz5@prweb.com
31015071591;nmearinge05@shareasale.com
31015057679;bmayohe15@cbc.ca
31015026953;ctournere25@dagondesign.com
31015076266;mboichate35@wikispaces.com
31015035694;eweerdenburge45@intel.com
31015003157;pduffe55@soundcloud.com
31015042427;hlawerencee65@google.es
31015066730;tkatzmanne75@imgur.com
31015093808;pstoacleye85@freewebs.com
31015015395;dhardse95@newyorker.com
31015071993;vstennetea5@yellowbook.com
31015011442;mspeedeb5@xrea.com
31015059301;ddorbinec5@php.net
31015003200;aburdessed5@gov.uk
31015071485;lmilmoeee5@wordpress.org
31015094200;akaretef5@ucoz.ru
41015086610;dnicholeseg5@bing.com
41015098983;aflaoniereh5@histats.com
41015043337;pstouteei5@artisteer.com
41015037601;kbriztmanej5@senate.gov
41015077951;mmatovicek5@mlb.com
41015090865;rtubbel5@vistaprint.com
41015008740;cmacvayem5@aboutads.info
41015030181;gmacgregoren5@privacy.gov.au
41015066384;aarendeo5@ucoz.com
41015071127;zpodsep5@w3.org
41015025311;cworssameq5@google.ca
41015030831;ddoylyer5@washingtonpost.com
41015012325;ewoofendelles5@themeforest.net
41015047985;rsaggerset5@linkedin.com
41015087316;sogeneayeu5@nifty.com
41015016429;gharomeev5@amazon.co.uk
41015020968;mtillotew5@delicious.com
41015054538;slillgardex5@stanford.edu
41015084621;jfountianey5@tinypic.com
41015063270;klenehamez5@artisteer.com
41015047342;sboulgerf05@boston.com
41015065624;kmaherf15@engadget.com
41015058632;smitchenerf25@constantcontact.com
41015024198;msalackf35@google.com.au
41015015607;mlassellf45@pagesperso-orange.fr
41015072046;mguillardf55@mlb.com
41015025259;hfollissf65@tamu.edu
41015031411;lpillmanf75@google.es
41015057517;bpetriellof85@istockphoto.com
41015077559;iwebburnf95@slate.com
41015037399;cpitrellifa5@tinyurl.com
41015005798;rhannantfb5@biblegateway.com
41015054967;fgeardfc5@ovh.net
41015019015;wwabersinkefd5@miibeian.gov.cn
41015056224;sedworthyfe5@wunderground.com
41015052273;jpilipyakff5@buzzfeed.com
41015029905;rboxhillfg5@mashable.com
41015089421;dwilloughbyfh5@hatena.ne.jp
41015083392;bcharletfi5@canalblog.com
41015070805;bterranfj5@people.com.cn
41015069292;bbridgewaterfk5@salon.com
49900000001;eedgeleyfl5@sphinn.com
49900000002;ecattowfm5@gravatar.com
41015073161;heakleyfn5@seattletimes.com
41015072732;elachaizefo5@baidu.com
41015015206;retockfp5@gravatar.com
41015032054;dgarnallfq5@drupal.org
41015003451;llubbockfr5@google.es
41015007938;erimefs5@shinystat.com
41015070182;qbaversorft5@free.fr
41015082758;mciubutarofu5@tumblr.com
41015072126;sallawyfv5@psu.edu
41015067043;mvaseninfw5@1688.com
41015032456;uidlefx5@fda.gov
41015028853;hkrugerfy5@istockphoto.com
41015009847;amcgebenayfz5@google.cn
41015063289;jduffyg05@usgs.gov
41015078656;cvedmoreg15@opera.com
41015060219;mdearthg25@moonfruit.com
41015019596;ascimoneg35@youtu.be
41015003610;msargintg45@mapy.cz
41015075409;mmcterrellyg55@mapquest.com
41015040946;ggranvilleg65@scribd.com
41015056171;swanstallg75@amazon.com
41015095209;clonieg85@auda.org.au
41015004165;obrownsworthg95@wordpress.org
41015030092;cbeveredgega5@state.tx.us
41015016223;bbuntingb5@europa.eu
41015049778;smargettsgc5@wordpress.org
41015073045;jfarleighgd5@livejournal.com
41015092462;ahedneyge5@arstechnica.com
41015056000;abeharrellgf5@wufoo.com
41015072420;agarstanggg5@house.gov
41015083034;ttuffingh5@redcross.org
41015037200;btantongi5@army.mil
41015074231;ncoppengj5@discovery.com
41015092239;tabbatuccigk5@google.ca
41015068774;kcunahgl5@free.fr
41015012548;tianettigm5@opera.com
41015002595;rbilboroughgn5@go.com
41015046423;bcohanego5@google.nl
41015085274;fmabegp5@theatlantic.com
41015092006;mingledewgq5@icio.us
41015003576;gboonegr5@diigo.com
41015023590;jsawellgs5@arizona.edu
41015054994;cpharrowgt5@facebook.com
41015069746;kblunsengu5@tripod.com
41015011488;bbrodbingv5@phpbb.com
41015080368;lrebeirogw5@slideshare.net
41015063751;bbollesgx5@nasa.gov
41015011013;aropckegy5@bloglines.com
41015095539;mcollyeargz5@plala.or.jp
41015024786;lcroixh05@un.org
41015022458;ddennetth15@fotki.com
41015033188;npavolinih25@google.com
41015099991;wshurmanh35@paypal.com
41015011825;cgrovesh45@cbsnews.com
41015010700;edeboickh55@marriott.com
41015088752;tangrich65@yahoo.co.jp
41015076738;rianinottih75@acquirethisname.com
41015035872;mgilleaseh85@etsy.com
41015085746;chucquarth95@irs.gov
41015029665;vjantetha5@squarespace.com
41015081795;kcallanderhb5@about.me
41015007536;ehowletthc5@uiuc.edu
41015095655;kwestcarhd5@china.com.cn
41015048804;elawlingshe5@ustream.tv
41015086326;mbraggerhf5@moonfruit.com
41015020423;mcathenodhg5@answers.com
41015005351;nloveringhh5@globo.com
41015079851;pstockneyhi5@dailymotion.com
41015096155;olakinhj5@hc360.com
41015001382;mflowethhk5@youku.com
41015076756;rblagdonhl5@bloomberg.com
41015027658;rcenterhm5@macromedia.com
41015016447;gguestehn5@dion.ne.jp
41015014289;tpletho5@linkedin.com
41015046272;lfeatherstonhaughhp5@ucoz.com
41015040027;dscutchinghq5@delicious.com
41015079815;owhifehr5@sina.com.cn
41015020593;rkennefickhs5@github.com
41015017286;cwalchht5@twitter.com
41015071494;dpowdrellhu5@cyberchimps.com
41015007670;grunnetthv5@timesonline.co.uk
41015009598;iclaricoatshw5@fastcompany.com
41015007965;jbrandihx5@google.de
41015097582;twalwoodhy5@acquirethisname.com
41015077871;wewestacehz5@hostgator.com
41015061245;cstacyi05@vimeo.com
41015075695;ddurantei15@mashable.com
41015037674;kvasici25@google.com
41015090543;pkettlesi35@techcrunch.com
41015001275;aungerechtsi45@sakura.ne.jp
41015036871;ndrewesi55@nydailynews.com
41015071591;tattwelli65@wunderground.com
41015057679;ssycei75@mtv.com
41015026953;kastlesi85@wordpress.org
41015076266;khendricksoni95@ted.com
41015035694;aellaria5@apple.com
41015003157;lfouldsib5@bloomberg.com
41015042427;lhoulahanic5@list-manage.com
41015066730;mhandoverid5@state.tx.us
41015093808;rgatcliffie5@bandcamp.com
41015015395;gbentif5@europa.eu
41015071993;cnewlanig5@hostgator.com
41015011442;cjuggingsih5@nbcnews.com
41015059301;sduhamii5@a8.net
41015003200;lschutterij5@about.com
41015071485;bheaterik5@live.com
41015094200;freisinil5@berkeley.edu
21015065483;vvaillantim5@google.nl
21015060139;ugrishaninin5@typepad.com
21015015536;uprandoio5@rakuten.co.jp
21015046806;tpomphrettip5@cyberchimps.com
21015077700;pwhittleseaiq5@economist.com
21015023714;jkiftir5@apache.org
21015096672;ablondelleis5@google.de
21015079432;agosenellit5@hubpages.com
21015048537;ttrembathiu5@mediafire.com
21015080313;mmeachiv5@mozilla.com
21015099713;tdockeriw5@ibm.com
21015068907;mahlfix5@pcworld.com
21015032367;smarzeloiy5@sbwire.com
21015090703;forgeliz5@instagram.com
21015054592;fcoulej05@behance.net
21015077158;kgrigoriscuj15@forbes.com
21015089948;rsummerellj25@fda.gov
21015003932;estickneyj35@nih.gov
21015066543;sdimnagej45@independent.co.uk
21015027863;bmccathyj55@home.pl
21015034819;wmencoj65@freewebs.com
21015033972;tmccambridgej75@canalblog.com
21015049634;gmcenhillj85@google.ca
21015090026;clepagej95@sbwire.com
21015032401;itarquinioja5@chron.com
21015043113;asimonetonjb5@walmart.com
21015081651;bscotchfordjc5@businesswire.com
21015067720;mtsarjd5@e-recht24.de
21015001863;unardrupje5@unesco.org
21015079478;acornfootjf5@ca.gov
21015012138;ssandhilljg5@google.co.uk
21015076541;scutforthjh5@va.gov
21015085112;prenonji5@live.com
21015046441;emohamedjj5@bloglovin.com
21015041669;udavenhilljk5@google.ca
21015042490;mdudlestonjl5@ehow.com
21015006591;lnormanjm5@zimbio.com
21015097966;ladlingtonjn5@gmpg.org
21015077425;fkelselljo5@sakura.ne.jp
21015004888;kjoistjp5@cnn.com
21015008447;jbrumbiejq5@vistaprint.com
21015080714;nknilljr5@gizmodo.com
21015037781;chaddyjs5@meetup.com
21015010345;earnholdtjt5@tinypic.com
21015045585;welmerju5@flavors.me
21015087888;rdominikjv5@craigslist.org
21015067436;fduffettjw5@pen.io
21015015705;ddavorenjx5@npr.org
21015067695;lwitchallsjy5@1und1.de
21015004254;mnencijz5@paginegialle.it
21015098778;soddak05@fc2.com
21015018383;bmugfordk15@cpanel.net
21015070397;ahuckek25@networksolutions.com
21015093602;pgrigork35@dailymail.co.uk
21015006751;asadlierk45@dell.com
21015021903;ghankinsonk55@free.fr
29900000003;smaclavertyk65@walmart.com
21015033428;ggrabehamk75@prnewswire.com
21015082776;ieatonk85@businessinsider.com
21015087655;kmacgillivriek95@usa.gov
21015040312;jmuckleka5@ftc.gov
21015066151;ihugheskb5@jugem.jp
21015030617;kschulekc5@mozilla.com
21015037754;stammadgekd5@mediafire.com
21015036504;ctingleke5@t-online.de
21015018490;bstuartkf5@bizjournals.com
21015052022;cingarfillkg5@over-blog.com
21015022323;sdarnboroughkh5@uiuc.edu
21015088333;mizakki5@yahoo.com
21015040731;aclaykj5@imageshack.us
29900000004;cespadaskk5@acquirethisname.com
21015063895;mfontinkl5@t.co
21015062315;bbarneskm5@blogger.com
21015067800;bjonahkn5@wordpress.org
21015090071;wruddlesdenko5@yahoo.co.jp
21015096164;doggerskp5@behance.net
21015091597;ggravellkq5@liveinternet.ru
21015042597;uengelkr5@google.com
21015050328;asaunterks5@youku.com
21015003736;ghorchekt5@salon.com
21015012469;bdowerku5@vimeo.com
21015035765;cmaccolmkv5@edublogs.org
21015031215;kfosdykekw5@pen.io
21015025801;hcasebornekx5@chicagotribune.com
21015070645;fcondieky5@webmd.com
21015068550;cpikettkz5@myspace.com
21015068792;dsomertonl05@marketwatch.com
21015016946;sstuehmeyerl15@wix.com
21015033552;mhallittl25@mtv.com
21015039066;ccolquhounl35@instagram.com
21015071671;pbiddyl45@oakley.com
21015041589;ltidderl55@1und1.de
21015006671;gtripconyl65@cnet.com
21015078497;dbodycombl75@ning.com
21015013789;wseefeldtl85@google.com
21015033614;rjirekl95@technorati.com
21015044452;lpfeffella5@unc.edu
21015016161;omammattlb5@tinypic.com
21015058767;gmainslc5@canalblog.com
21015076783;dohegertield5@1688.com
31015065483;acocklandle5@ask.com
31015060139;maugustelf5@quantcast.com
31015015536;cternelg5@studiopress.com
31015046806;gabsolomlh5@ed.gov
31015077700;dstrodeli5@mtv.com
31015023714;aiozefovichlj5@time.com
31015096672;lkaveneylk5@oaic.gov.au
31015079432;rbowldll5@oracle.com
31015048537;iadeylm5@friendfeed.com
31015080313;mmerrissonln5@accuweather.com
31015099713;gglynnelo5@macromedia.com
31015068907;svallowlp5@exblog.jp
31015032367;tmachentlq5@usnews.com
31015090703;tmallardlr5@adobe.com
31015054592;bcradeyls5@abc.net.au
31015077158;acroysdalelt5@statcounter.com
31015089948;amaccarricklu5@devhub.com
31015003932;rhurdislv5@shutterfly.com
31015066543;breddihoughlw5@nhs.uk
31015027863;graddenburylx5@google.es
31015034819;mhousecraftly5@dell.com
31015033972;iwhittocklz5@ucoz.com
31015049634;jsandelsm05@is.gd
31015090026;bheinzlerm15@house.gov
31015032401;bpargentm25@goodreads.com
31015043113;fhanksm35@yahoo.co.jp
31015081651;fallwellm45@1und1.de
31015067720;rhuettm55@tiny.cc
31015001863;gclutramm65@about.com
31015079478;jcondym75@bravesites.com
31015012138;nhuckinm85@theatlantic.com
31015076541;vbettonm95@google.es
31015085112;qmacclanceyma5@hp.com
31015046441;nocklandmb5@usgs.gov
31015041669;dmoorerudmc5@rakuten.co.jp
31015042490;twadmoremd5@youtu.be
31015006591;rlogueme5@vkontakte.ru
31015097966;gportailmf5@webeden.co.uk
31015077425;sdummettmg5@theglobeandmail.com
31015004888;itedmanmh5@google.nl
31015008447;dmurrisonmi5@squidoo.com
31015080714;soshirinemj5@diigo.com
31015037781;helesandermk5@imageshack.us
31015010345;cbrusselsml5@smugmug.com
31015045585;tviegasmm5@discovery.com
31015087888;fogilviemn5@g.co
31015067436;ezanetellomo5@jigsy.com
31015015705;crickwordmp5@nature.com
31015067695;acrouchermq5@quantcast.com
31015004254;hricciardellomr5@tamu.edu
31015098778;ckitchingms5@weibo.com
31015018383;chacunmt5@unicef.org
31015070397;cjouhanmu5@skype.com
31015093602;jclaphammv5@jiathis.com
31015006751;vbaxtermw5@printfriendly.com
31015021903;demblingmx5@webnode.com
39900000003;wroffmy5@ehow.com
31015033428;qparamormz5@discovery.com
31015082776;tpaulyn05@rediff.com
31015087655;tstienhamn15@wordpress.com
31015040312;ditzikn25@seattletimes.com
31015066151;kdaveridgen35@vistaprint.com
31015030617;wgiraln45@amazon.com
31015037754;gkenneyn55@xing.com
31015036504;gtheunissenn65@istockphoto.com
31015018490;mdelahuntyn75@bluehost.com
31015052022;aboritn85@google.de
31015022323;hlorien95@mit.edu
31015088333;jenriquesna5@de.vu
31015040731;zpokernb5@cafepress.com
39900000004;gbennellnc5@hibu.com
31015063895;awolfarthnd5@liveinternet.ru
31015062315;idanevne5@fc2.com
31015067800;mhenzernf5@psu.edu
31015090071;paverillng5@parallels.com
31015096164;gsillynh5@google.co.jp
31015091597;ddormonni5@sourceforge.net
31015042597;jannattnj5@cornell.edu
31015050328;jloraitnk5@tuttocitta.it
31015003736;pmatzkaitisnl5@cyberchimps.com
31015012469;ayurkiewicznm5@bizjournals.com
31015035765;bcarnewnn5@github.io
31015031215;bimlochno5@spiegel.de
31015025801;lstebbingsnp5@slideshare.net
31015070645;dstatefieldnq5@sun.com
31015068550;rcompfordnr5@printfriendly.com
31015068792;mdurnellns5@about.com
31015016946;adwelleynt5@ft.com
31015033552;haleavynu5@tripadvisor.com
31015039066;rfurnissnv5@usgs.gov
31015071671;dpetrichatnw5@pinterest.com
31015041589;gharleynx5@wordpress.com
31015006671;elimprichtny5@wired.com
31015078497;fbottbynz5@360.cn
31015013789;sbatteyo05@youtu.be
31015033614;rculhamo15@fc2.com
31015044452;eadacoto25@seattletimes.com
31015016161;ssneesbieo35@nifty.com
31015058767;ghawkero45@nytimes.com
31015076783;gmusketto55@ocn.ne.jp
